idna_subject,checker_type,destination,source,tested_at,session_id
13vlib.com,AVAILABILITY,domains.list,domains.list,2026-10-01 08:22:33.108563+00:00,8f0dbd7f564444c66bc6589d
3dvdiso.com,AVAILABILITY,domains.list,domains.list,2026-10-01 08:22:34.375099+00:00,8f0dbd7f564444c66bc6589d
adultdvdiso.com,AVAILABILITY,domains.list,domains.list,2026-10-01 08:22:35.424208+00:00,8f0dbd7f564444c66bc6589d
adultjav.com,AVAILABILITY,domains.list,domains.list,2026-10-01 08:22:35.623617+00:00,8f0dbd7f564444c66bc6589d
asianjavdownload.blogspot.com,AVAILABILITY,domains.list,domains.list,2026-10-01 08:22:37.118847+00:00,8f0dbd7f564444c66bc6589d
av-io.blogspot.com,AVAILABILITY,domains.list,domains.list,2026-10-01 08:22:38.397711+00:00,8f0dbd7f564444c66bc6589d
av-lib.com,AVAILABILITY,domains.list,domains.list,2026-10-01 08:22:40.852887+00:00,8f0dbd7f564444c66bc6589d
av-star.net,AVAILABILITY,domains.list,domains.list,2026-10-01 08:22:42.454770+00:00,8f0dbd7f564444c66bc6589d
avaruaru.com,AVAILABILITY,domains.list,domains.list,2026-10-01 08:22:42.871009+00:00,8f0dbd7f564444c66bc6589d
avcute.com,AVAILABILITY,domains.list,domains.list,2026-10-01 08:22:43.382100+00:00,8f0dbd7f564444c66bc6589d
avdvdiso.blogspot.com,AVAILABILITY,domains.list,domains.list,2026-10-01 08:22:44.540426+00:00,8f0dbd7f564444c66bc6589d
avdvdrar.blogspot.com,AVAILABILITY,domains.list,domains.list,2026-10-01 08:22:45.370691+00:00,8f0dbd7f564444c66bc6589d
avdvdrar.com,AVAILABILITY,domains.list,domains.list,2026-10-01 08:22:45.645999+00:00,8f0dbd7f564444c66bc6589d
avmama.pixnet.net,AVAILABILITY,domains.list,domains.list,2026-10-01 08:22:47.841244+00:00,8f0dbd7f564444c66bc6589d
avotaku.com,AVAILABILITY,domains.list,domains.list,2026-10-01 08:22:48.087794+00:00,8f0dbd7f564444c66bc6589d
avpapa.com,AVAILABILITY,domains.list,domains.list,2026-10-01 08:23:08.459369+00:00,8f0dbd7f564444c66bc6589d
avside.com,AVAILABILITY,domains.list,domains.list,2026-10-01 08:23:08.770062+00:00,8f0dbd7f564444c66bc6589d
bdsmsm.com,AVAILABILITY,domains.list,domains.list,2026-10-01 08:23:09.156648+00:00,8f0dbd7f564444c66bc6589d
bestjav.org,AVAILABILITY,domains.list,domains.list,2026-10-01 08:23:22.294425+00:00,8f0dbd7f564444c66bc6589d
binrand.com,AVAILABILITY,domains.list,domains.list,2026-10-01 08:23:22.494903+00:00,8f0dbd7f564444c66bc6589d
dmm48.com,AVAILABILITY,domains.list,domains.list,2026-10-01 08:23:23.674873+00:00,8f0dbd7f564444c66bc6589d
e-r3.com,AVAILABILITY,domains.list,domains.list,2026-10-01 08:23:24.675939+00:00,8f0dbd7f564444c66bc6589d
erotorrent.info,AVAILABILITY,domains.list,domains.list,2026-10-01 08:23:45.746836+00:00,8f0dbd7f564444c66bc6589d
fastav.com,AVAILABILITY,domains.list,domains.list,2026-10-01 08:23:47.013777+00:00,8f0dbd7f564444c66bc6589d
freeiso4u.blogspot.com,AVAILABILITY,domains.list,domains.list,2026-10-01 08:23:48.310005+00:00,8f0dbd7f564444c66bc6589d
freeiv.blogspot.com,AVAILABILITY,domains.list,domains.list,2026-10-01 08:23:49.186536+00:00,8f0dbd7f564444c66bc6589d
freeiv.doorblog.jp,AVAILABILITY,domains.list,domains.list,2026-10-01 08:23:50.479131+00:00,8f0dbd7f564444c66bc6589d
freeiv.jugem.jp,AVAILABILITY,domains.list,domains.list,2026-10-01 08:23:51.355966+00:00,8f0dbd7f564444c66bc6589d
freeiv.seesaa.net,AVAILABILITY,domains.list,domains.list,2026-10-01 08:23:51.749074+00:00,8f0dbd7f564444c66bc6589d
freejapaniso.blogspot.com,AVAILABILITY,domains.list,domains.list,2026-10-01 08:23:52.642570+00:00,8f0dbd7f564444c66bc6589d
freesexidols.blogspot.com,AVAILABILITY,domains.list,domains.list,2026-10-01 08:23:53.981702+00:00,8f0dbd7f564444c66bc6589d
freshjav.net,AVAILABILITY,domains.list,domains.list,2026-10-01 08:23:54.123003+00:00,8f0dbd7f564444c66bc6589d
gravureidolvideo.com,AVAILABILITY,domains.list,domains.list,2026-10-01 08:23:55.106183+00:00,8f0dbd7f564444c66bc6589d
hardcorejav.com,AVAILABILITY,domains.list,domains.list,2026-10-01 08:23:55.859801+00:00,8f0dbd7f564444c66bc6589d
hardjav.com,AVAILABILITY,domains.list,domains.list,2026-10-01 08:23:58.206653+00:00,8f0dbd7f564444c66bc6589d
hdjav.biz,AVAILABILITY,domains.list,domains.list,2026-10-01 08:23:58.372244+00:00,8f0dbd7f564444c66bc6589d
hdjav.info,AVAILABILITY,domains.list,domains.list,2026-10-01 08:24:18.758539+00:00,8f0dbd7f564444c66bc6589d
hdjavporn.com,AVAILABILITY,domains.list,domains.list,2026-10-01 08:24:19.709643+00:00,8f0dbd7f564444c66bc6589d
highav.com,AVAILABILITY,domains.list,domains.list,2026-10-01 08:24:20.230080+00:00,8f0dbd7f564444c66bc6589d
hiroimono.exblog.jp,AVAILABILITY,domains.list,domains.list,2026-10-01 08:24:20.918876+00:00,8f0dbd7f564444c66bc6589d
hopic.net,AVAILABILITY,domains.list,domains.list,2026-10-01 08:24:21.206959+00:00,8f0dbd7f564444c66bc6589d
hornyjav.net,AVAILABILITY,domains.list,domains.list,2026-10-01 08:24:22.662773+00:00,8f0dbd7f564444c66bc6589d
hotjav1.blogspot.com,AVAILABILITY,domains.list,domains.list,2026-10-01 08:24:24.221187+00:00,8f0dbd7f564444c66bc6589d
idolax.com,AVAILABILITY,domains.list,domains.list,2026-10-01 08:24:24.420520+00:00,8f0dbd7f564444c66bc6589d
idoliso.blogspot.com,AVAILABILITY,domains.list,domains.list,2026-10-01 08:24:25.984567+00:00,8f0dbd7f564444c66bc6589d
innocnt.com,AVAILABILITY,domains.list,domains.list,2026-10-01 08:24:26.430496+00:00,8f0dbd7f564444c66bc6589d
iso48.com,AVAILABILITY,domains.list,domains.list,2026-10-01 08:24:27.179854+00:00,8f0dbd7f564444c66bc6589d
isoworld4u.blogspot.com,AVAILABILITY,domains.list,domains.list,2026-10-01 08:24:28.252229+00:00,8f0dbd7f564444c66bc6589d
j12lib.com,AVAILABILITY,domains.list,domains.list,2026-10-01 08:24:34.948229+00:00,8f0dbd7f564444c66bc6589d
j9lib.com,AVAILABILITY,domains.list,domains.list,2026-10-01 08:24:38.748890+00:00,8f0dbd7f564444c66bc6589d
jap-gravure.blogspot.com,AVAILABILITY,domains.list,domains.list,2026-10-01 08:24:39.863540+00:00,8f0dbd7f564444c66bc6589d
japan-videos.com,AVAILABILITY,domains.list,domains.list,2026-10-01 08:24:40.447471+00:00,8f0dbd7f564444c66bc6589d
japaniso4u.blogspot.com,AVAILABILITY,domains.list,domains.list,2026-10-01 08:24:41.849765+00:00,8f0dbd7f564444c66bc6589d
japantv.club,AVAILABILITY,domains.list,domains.list,2026-10-01 08:24:42.528859+00:00,8f0dbd7f564444c66bc6589d
jav-base.com,AVAILABILITY,domains.list,domains.list,2026-10-01 08:24:45.209711+00:00,8f0dbd7f564444c66bc6589d
jav-fan.com,AVAILABILITY,domains.list,domains.list,2026-10-01 08:24:47.483309+00:00,8f0dbd7f564444c66bc6589d
jav-films.com,AVAILABILITY,domains.list,domains.list,2026-10-01 08:24:49.061440+00:00,8f0dbd7f564444c66bc6589d
jav-group.com,AVAILABILITY,domains.list,domains.list,2026-10-01 08:24:50.246567+00:00,8f0dbd7f564444c66bc6589d
jav-legend.com,AVAILABILITY,domains.list,domains.list,2026-10-01 08:24:54.433581+00:00,8f0dbd7f564444c66bc6589d
jav-library.com,AVAILABILITY,domains.list,domains.list,2026-10-01 08:24:54.796074+00:00,8f0dbd7f564444c66bc6589d
jav-load.com,AVAILABILITY,domains.list,domains.list,2026-10-01 08:24:56.066123+00:00,8f0dbd7f564444c66bc6589d
jav.re,AVAILABILITY,domains.list,domains.list,2026-10-01 08:25:04.499270+00:00,8f0dbd7f564444c66bc6589d
jav007.com,AVAILABILITY,domains.list,domains.list,2026-10-01 08:25:05.377654+00:00,8f0dbd7f564444c66bc6589d
jav11b.com,AVAILABILITY,domains.list,domains.list,2026-10-01 08:25:06.176368+00:00,8f0dbd7f564444c66bc6589d
jav2.me,AVAILABILITY,domains.list,domains.list,2026-10-01 08:25:07.166192+00:00,8f0dbd7f564444c66bc6589d
jav2lib.com,AVAILABILITY,domains.list,domains.list,2026-10-01 08:25:08.738453+00:00,8f0dbd7f564444c66bc6589d
jav4me.club,AVAILABILITY,domains.list,domains.list,2026-10-01 08:25:09.023551+00:00,8f0dbd7f564444c66bc6589d
jav4uload.blogspot.com,AVAILABILITY,domains.list,domains.list,2026-10-01 08:25:10.316365+00:00,8f0dbd7f564444c66bc6589d
jav4you.club,AVAILABILITY,domains.list,domains.list,2026-10-01 08:25:10.490195+00:00,8f0dbd7f564444c66bc6589d
jav4you.online,AVAILABILITY,domains.list,domains.list,2026-10-01 08:25:10.629428+00:00,8f0dbd7f564444c66bc6589d
jav4you.org,AVAILABILITY,domains.list,domains.list,2026-10-01 08:25:11.043229+00:00,8f0dbd7f564444c66bc6589d
jav77.com,AVAILABILITY,domains.list,domains.list,2026-10-01 08:25:31.428909+00:00,8f0dbd7f564444c66bc6589d
jav9.org,AVAILABILITY,domains.list,domains.list,2026-10-01 08:25:31.887572+00:00,8f0dbd7f564444c66bc6589d
javady.com,AVAILABILITY,domains.list,domains.list,2026-10-01 08:25:32.238742+00:00,8f0dbd7f564444c66bc6589d
javarchive.net,AVAILABILITY,domains.list,domains.list,2026-10-01 08:25:34.100195+00:00,8f0dbd7f564444c66bc6589d
javbaike.com,AVAILABILITY,domains.list,domains.list,2026-10-01 08:25:54.685332+00:00,8f0dbd7f564444c66bc6589d
javbee.org,AVAILABILITY,domains.list,domains.list,2026-10-01 08:26:15.464077+00:00,8f0dbd7f564444c66bc6589d
javbest.org,AVAILABILITY,domains.list,domains.list,2026-10-01 08:26:16.774893+00:00,8f0dbd7f564444c66bc6589d
javbit.com,AVAILABILITY,domains.list,domains.list,2026-10-01 08:26:17.077280+00:00,8f0dbd7f564444c66bc6589d
javblast.com,AVAILABILITY,domains.list,domains.list,2026-10-01 08:26:17.428909+00:00,8f0dbd7f564444c66bc6589d
javblog.me,AVAILABILITY,domains.list,domains.list,2026-10-01 08:26:38.045686+00:00,8f0dbd7f564444c66bc6589d
javblog.ws,AVAILABILITY,domains.list,domains.list,2026-10-01 08:26:40.757609+00:00,8f0dbd7f564444c66bc6589d
javbooks.com,AVAILABILITY,domains.list,domains.list,2026-10-01 08:26:41.208454+00:00,8f0dbd7f564444c66bc6589d
javbus.com,AVAILABILITY,domains.list,domains.list,2026-10-01 08:26:41.868903+00:00,8f0dbd7f564444c66bc6589d
javdb.club,AVAILABILITY,domains.list,domains.list,2026-10-01 08:26:44.916031+00:00,8f0dbd7f564444c66bc6589d
javdb.online,AVAILABILITY,domains.list,domains.list,2026-10-01 08:26:45.053595+00:00,8f0dbd7f564444c66bc6589d
javdirect.com,AVAILABILITY,domains.list,domains.list,2026-10-01 08:27:06.118228+00:00,8f0dbd7f564444c66bc6589d
javeal.com,AVAILABILITY,domains.list,domains.list,2026-10-01 08:27:08.600386+00:00,8f0dbd7f564444c66bc6589d
javeat.com,AVAILABILITY,domains.list,domains.list,2026-10-01 08:27:19.208411+00:00,8f0dbd7f564444c66bc6589d
javfilm.org,AVAILABILITY,domains.list,domains.list,2026-10-01 08:27:31.548118+00:00,8f0dbd7f564444c66bc6589d
javfilm.tv,AVAILABILITY,domains.list,domains.list,2026-10-01 08:27:32.070293+00:00,8f0dbd7f564444c66bc6589d
javhard.net,AVAILABILITY,domains.list,domains.list,2026-10-01 08:27:33.975317+00:00,8f0dbd7f564444c66bc6589d
javhdonline.net,AVAILABILITY,domains.list,domains.list,2026-10-01 08:27:34.213064+00:00,8f0dbd7f564444c66bc6589d
javhunt.com,AVAILABILITY,domains.list,domains.list,2026-10-01 08:27:34.606182+00:00,8f0dbd7f564444c66bc6589d
javidoltop.blogspot.com,AVAILABILITY,domains.list,domains.list,2026-10-01 08:27:35.495973+00:00,8f0dbd7f564444c66bc6589d
javiews.com,AVAILABILITY,domains.list,domains.list,2026-10-01 08:27:35.972924+00:00,8f0dbd7f564444c66bc6589d
javjuice.com,AVAILABILITY,domains.list,domains.list,2026-10-01 08:27:36.434376+00:00,8f0dbd7f564444c66bc6589d
javl10.com,AVAILABILITY,domains.list,domains.list,2026-10-01 08:27:40.509510+00:00,8f0dbd7f564444c66bc6589d
javlast.com,AVAILABILITY,domains.list,domains.list,2026-10-01 08:27:40.960142+00:00,8f0dbd7f564444c66bc6589d
javli6.com,AVAILABILITY,domains.list,domains.list,2026-10-01 08:27:50.520746+00:00,8f0dbd7f564444c66bc6589d
javlib.xyz,AVAILABILITY,domains.list,domains.list,2026-10-01 08:27:50.955603+00:00,8f0dbd7f564444c66bc6589d
javlib3.com,AVAILABILITY,domains.list,domains.list,2026-10-01 08:27:54.743703+00:00,8f0dbd7f564444c66bc6589d
javlibraries.xyz,AVAILABILITY,domains.list,domains.list,2026-10-01 08:27:54.881774+00:00,8f0dbd7f564444c66bc6589d
javlibrary.online,AVAILABILITY,domains.list,domains.list,2026-10-01 08:27:55.024698+00:00,8f0dbd7f564444c66bc6589d
javlibrary.xyz,AVAILABILITY,domains.list,domains.list,2026-10-01 08:27:56.262501+00:00,8f0dbd7f564444c66bc6589d
javlink.net,AVAILABILITY,domains.list,domains.list,2026-10-01 08:27:57.203530+00:00,8f0dbd7f564444c66bc6589d
javmax.com,AVAILABILITY,domains.list,domains.list,2026-10-01 08:27:58.090605+00:00,8f0dbd7f564444c66bc6589d
javmoo.info,AVAILABILITY,domains.list,domains.list,2026-10-01 08:28:05.381115+00:00,8f0dbd7f564444c66bc6589d
javort.com,AVAILABILITY,domains.list,domains.list,2026-10-01 08:28:26.039469+00:00,8f0dbd7f564444c66bc6589d
javpack.com,AVAILABILITY,domains.list,domains.list,2026-10-01 08:28:26.659342+00:00,8f0dbd7f564444c66bc6589d
javperfect.com,AVAILABILITY,domains.list,domains.list,2026-10-01 08:28:27.698710+00:00,8f0dbd7f564444c66bc6589d
javpop.org,AVAILABILITY,domains.list,domains.list,2026-10-01 08:28:28.230520+00:00,8f0dbd7f564444c66bc6589d
javsexy.net,AVAILABILITY,domains.list,domains.list,2026-10-01 08:28:36.081369+00:00,8f0dbd7f564444c66bc6589d
javspeed.com,AVAILABILITY,domains.list,domains.list,2026-10-01 08:28:37.011363+00:00,8f0dbd7f564444c66bc6589d
javsuki2.blogspot.com,AVAILABILITY,domains.list,domains.list,2026-10-01 08:28:38.439340+00:00,8f0dbd7f564444c66bc6589d
javtag.com,AVAILABILITY,domains.list,domains.list,2026-10-01 08:28:39.066191+00:00,8f0dbd7f564444c66bc6589d
javtown.com,AVAILABILITY,domains.list,domains.list,2026-10-01 08:28:40.236712+00:00,8f0dbd7f564444c66bc6589d
javtv.site,AVAILABILITY,domains.list,domains.list,2026-10-01 08:28:42.489146+00:00,8f0dbd7f564444c66bc6589d
joshiav.com,AVAILABILITY,domains.list,domains.list,2026-10-01 08:28:43.368328+00:00,8f0dbd7f564444c66bc6589d
juicy48.com,AVAILABILITY,domains.list,domains.list,2026-10-01 08:28:43.666813+00:00,8f0dbd7f564444c66bc6589d
lexie.thumblogger.com,AVAILABILITY,domains.list,domains.list,2026-10-01 08:29:04.431684+00:00,8f0dbd7f564444c66bc6589d
lolihole.blogspot.com,AVAILABILITY,domains.list,domains.list,2026-10-01 08:29:05.830814+00:00,8f0dbd7f564444c66bc6589d
look4lib.com,AVAILABILITY,domains.list,domains.list,2026-10-01 08:29:06.115929+00:00,8f0dbd7f564444c66bc6589d
manga-raw-strage.blogspot.com,AVAILABILITY,domains.list,domains.list,2026-10-01 08:29:07.417940+00:00,8f0dbd7f564444c66bc6589d
mangaanimenet.doorblog.jp,AVAILABILITY,domains.list,domains.list,2026-10-01 08:29:07.899337+00:00,8f0dbd7f564444c66bc6589d
masdarcity.net,AVAILABILITY,domains.list,domains.list,2026-10-01 08:29:08.043309+00:00,8f0dbd7f564444c66bc6589d
movie18sexy.blogspot.com,AVAILABILITY,domains.list,domains.list,2026-10-01 08:29:09.389244+00:00,8f0dbd7f564444c66bc6589d
netjav.com,AVAILABILITY,domains.list,domains.list,2026-10-01 08:29:10.083344+00:00,8f0dbd7f564444c66bc6589d
newdvdiso.blogspot.com,AVAILABILITY,domains.list,domains.list,2026-10-01 08:29:11.170016+00:00,8f0dbd7f564444c66bc6589d
nippondvd.com,AVAILABILITY,domains.list,domains.list,2026-10-01 08:29:12.067702+00:00,8f0dbd7f564444c66bc6589d
nipponjav.blogspot.com,AVAILABILITY,domains.list,domains.list,2026-10-01 08:29:13.172534+00:00,8f0dbd7f564444c66bc6589d
teendvdiso.com,AVAILABILITY,domains.list,domains.list,2026-10-01 08:29:15.223326+00:00,8f0dbd7f564444c66bc6589d
topjav.site,AVAILABILITY,domains.list,domains.list,2026-10-01 08:29:15.933568+00:00,8f0dbd7f564444c66bc6589d
uujav.com,AVAILABILITY,domains.list,domains.list,2026-10-01 08:29:16.749139+00:00,8f0dbd7f564444c66bc6589d
watch-jav.com,AVAILABILITY,domains.list,domains.list,2026-10-01 08:29:17.770160+00:00,8f0dbd7f564444c66bc6589d
worldjav.net,AVAILABILITY,domains.list,domains.list,2026-10-01 08:29:19.392872+00:00,8f0dbd7f564444c66bc6589d
wpanda.net,AVAILABILITY,domains.list,domains.list,2026-10-01 08:29:19.533917+00:00,8f0dbd7f564444c66bc6589d
www.13vlib.com,AVAILABILITY,domains.list,domains.list,2026-10-01 08:29:21.226676+00:00,8f0dbd7f564444c66bc6589d
www.3dvdiso.com,AVAILABILITY,domains.list,domains.list,2026-10-01 08:30:02.563196+00:00,8f0dbd7f564444c66bc6589d
www.adultdvdiso.com,AVAILABILITY,domains.list,domains.list,2026-10-01 08:30:04.068827+00:00,8f0dbd7f564444c66bc6589d
www.adultjav.com,AVAILABILITY,domains.list,domains.list,2026-10-01 08:30:04.336538+00:00,8f0dbd7f564444c66bc6589d
www.av-lib.com,AVAILABILITY,domains.list,domains.list,2026-10-01 08:30:08.241067+00:00,8f0dbd7f564444c66bc6589d
www.av-star.net,AVAILABILITY,domains.list,domains.list,2026-10-01 08:30:15.044567+00:00,8f0dbd7f564444c66bc6589d
www.avaruaru.com,AVAILABILITY,domains.list,domains.list,2026-10-01 08:30:15.773392+00:00,8f0dbd7f564444c66bc6589d
www.avcute.com,AVAILABILITY,domains.list,domains.list,2026-10-01 08:30:16.382355+00:00,8f0dbd7f564444c66bc6589d
www.avdvdrar.com,AVAILABILITY,domains.list,domains.list,2026-10-01 08:30:17.069822+00:00,8f0dbd7f564444c66bc6589d
www.avotaku.com,AVAILABILITY,domains.list,domains.list,2026-10-01 08:30:17.710427+00:00,8f0dbd7f564444c66bc6589d
www.avpapa.com,AVAILABILITY,domains.list,domains.list,2026-10-01 08:30:58.168888+00:00,8f0dbd7f564444c66bc6589d
www.avside.com,AVAILABILITY,domains.list,domains.list,2026-10-01 08:30:58.540242+00:00,8f0dbd7f564444c66bc6589d
www.bdsmsm.com,AVAILABILITY,domains.list,domains.list,2026-10-01 08:30:59.526151+00:00,8f0dbd7f564444c66bc6589d
www.binrand.com,AVAILABILITY,domains.list,domains.list,2026-10-01 08:30:59.969097+00:00,8f0dbd7f564444c66bc6589d
www.dmm48.com,AVAILABILITY,domains.list,domains.list,2026-10-01 08:31:01.005465+00:00,8f0dbd7f564444c66bc6589d
www.e-r3.com,AVAILABILITY,domains.list,domains.list,2026-10-01 08:31:02.119050+00:00,8f0dbd7f564444c66bc6589d
www.erotorrent.info,AVAILABILITY,domains.list,domains.list,2026-10-01 08:31:43.012352+00:00,8f0dbd7f564444c66bc6589d
www.fastav.com,AVAILABILITY,domains.list,domains.list,2026-10-01 08:31:45.019924+00:00,8f0dbd7f564444c66bc6589d
www.gravureidolvideo.com,AVAILABILITY,domains.list,domains.list,2026-10-01 08:31:46.931229+00:00,8f0dbd7f564444c66bc6589d
www.hardcorejav.com,AVAILABILITY,domains.list,domains.list,2026-10-01 08:31:47.917629+00:00,8f0dbd7f564444c66bc6589d
www.hardjav.com,AVAILABILITY,domains.list,domains.list,2026-10-01 08:31:50.654582+00:00,8f0dbd7f564444c66bc6589d
www.hdjav.biz,AVAILABILITY,domains.list,domains.list,2026-10-01 08:31:51.021140+00:00,8f0dbd7f564444c66bc6589d
www.hdjav.info,AVAILABILITY,domains.list,domains.list,2026-10-01 08:32:31.588416+00:00,8f0dbd7f564444c66bc6589d
www.highav.com,AVAILABILITY,domains.list,domains.list,2026-10-01 08:32:32.559810+00:00,8f0dbd7f564444c66bc6589d
www.hjporn.blogspot.com,AVAILABILITY,domains.list,domains.list,2026-10-01 08:32:33.812851+00:00,8f0dbd7f564444c66bc6589d
www.hopic.net,AVAILABILITY,domains.list,domains.list,2026-10-01 08:32:34.187027+00:00,8f0dbd7f564444c66bc6589d
www.hotjav1.blogspot.com,AVAILABILITY,domains.list,domains.list,2026-10-01 08:32:36.305775+00:00,8f0dbd7f564444c66bc6589d
www.idolax.com,AVAILABILITY,domains.list,domains.list,2026-10-01 08:32:36.802225+00:00,8f0dbd7f564444c66bc6589d
www.iso48.com,AVAILABILITY,domains.list,domains.list,2026-10-01 08:32:38.566814+00:00,8f0dbd7f564444c66bc6589d
www.j12lib.com,AVAILABILITY,domains.list,domains.list,2026-10-01 08:32:40.392778+00:00,8f0dbd7f564444c66bc6589d
www.j9lib.com,AVAILABILITY,domains.list,domains.list,2026-10-01 08:32:44.412550+00:00,8f0dbd7f564444c66bc6589d
www.japan-videos.com,AVAILABILITY,domains.list,domains.list,2026-10-01 08:32:45.295265+00:00,8f0dbd7f564444c66bc6589d
www.japantv.club,AVAILABILITY,domains.list,domains.list,2026-10-01 08:32:46.603622+00:00,8f0dbd7f564444c66bc6589d
www.jav-fan.com,AVAILABILITY,domains.list,domains.list,2026-10-01 08:32:51.233778+00:00,8f0dbd7f564444c66bc6589d
www.jav-films.com,AVAILABILITY,domains.list,domains.list,2026-10-01 08:32:53.750486+00:00,8f0dbd7f564444c66bc6589d
www.jav-group.com,AVAILABILITY,domains.list,domains.list,2026-10-01 08:32:55.081461+00:00,8f0dbd7f564444c66bc6589d
www.jav-legend.com,AVAILABILITY,domains.list,domains.list,2026-10-01 08:32:59.440762+00:00,8f0dbd7f564444c66bc6589d
www.jav-library.com,AVAILABILITY,domains.list,domains.list,2026-10-01 08:32:59.974713+00:00,8f0dbd7f564444c66bc6589d
www.jav.re,AVAILABILITY,domains.list,domains.list,2026-10-01 08:33:09.309836+00:00,8f0dbd7f564444c66bc6589d
www.jav007.com,AVAILABILITY,domains.list,domains.list,2026-10-01 08:33:11.334409+00:00,8f0dbd7f564444c66bc6589d
www.jav11b.com,AVAILABILITY,domains.list,domains.list,2026-10-01 08:33:14.261484+00:00,8f0dbd7f564444c66bc6589d
www.jav2lib.com,AVAILABILITY,domains.list,domains.list,2026-10-01 08:33:15.677512+00:00,8f0dbd7f564444c66bc6589d
www.jav4you.org,AVAILABILITY,domains.list,domains.list,2026-10-01 08:33:17.091169+00:00,8f0dbd7f564444c66bc6589d
www.jav77.com,AVAILABILITY,domains.list,domains.list,2026-10-01 08:33:57.536647+00:00,8f0dbd7f564444c66bc6589d
www.jav9.org,AVAILABILITY,domains.list,domains.list,2026-10-01 08:33:58.226808+00:00,8f0dbd7f564444c66bc6589d
www.javady.com,AVAILABILITY,domains.list,domains.list,2026-10-01 08:33:58.594967+00:00,8f0dbd7f564444c66bc6589d
www.javbaike.com,AVAILABILITY,domains.list,domains.list,2026-10-01 08:34:39.982453+00:00,8f0dbd7f564444c66bc6589d
www.javbee.org,AVAILABILITY,domains.list,domains.list,2026-10-01 08:35:20.253789+00:00,8f0dbd7f564444c66bc6589d
www.javbest.org,AVAILABILITY,domains.list,domains.list,2026-10-01 08:35:22.134438+00:00,8f0dbd7f564444c66bc6589d
www.javbit.com,AVAILABILITY,domains.list,domains.list,2026-10-01 08:35:22.574079+00:00,8f0dbd7f564444c66bc6589d
www.javblast.com,AVAILABILITY,domains.list,domains.list,2026-10-01 08:35:23.045467+00:00,8f0dbd7f564444c66bc6589d
www.javblog.me,AVAILABILITY,domains.list,domains.list,2026-10-01 08:36:03.982433+00:00,8f0dbd7f564444c66bc6589d
www.javblog.ws,AVAILABILITY,domains.list,domains.list,2026-10-01 08:36:04.478489+00:00,8f0dbd7f564444c66bc6589d
www.javbooks.com,AVAILABILITY,domains.list,domains.list,2026-10-01 08:36:05.046940+00:00,8f0dbd7f564444c66bc6589d
www.javbus.com,AVAILABILITY,domains.list,domains.list,2026-10-01 08:36:05.985523+00:00,8f0dbd7f564444c66bc6589d
www.javdirect.com,AVAILABILITY,domains.list,domains.list,2026-10-01 08:36:27.434760+00:00,8f0dbd7f564444c66bc6589d
www.javeal.com,AVAILABILITY,domains.list,domains.list,2026-10-01 08:36:29.838069+00:00,8f0dbd7f564444c66bc6589d
www.javfilm.tv,AVAILABILITY,domains.list,domains.list,2026-10-01 08:36:33.636701+00:00,8f0dbd7f564444c66bc6589d
www.javhunt.com,AVAILABILITY,domains.list,domains.list,2026-10-01 08:36:35.147910+00:00,8f0dbd7f564444c66bc6589d
www.javl10.com,AVAILABILITY,domains.list,domains.list,2026-10-01 08:36:37.473307+00:00,8f0dbd7f564444c66bc6589d
www.javli6.com,AVAILABILITY,domains.list,domains.list,2026-10-01 08:37:17.260148+00:00,8f0dbd7f564444c66bc6589d
www.javlib.xyz,AVAILABILITY,domains.list,domains.list,2026-10-01 08:37:18.264779+00:00,8f0dbd7f564444c66bc6589d
www.javlib3.com,AVAILABILITY,domains.list,domains.list,2026-10-01 08:37:19.554092+00:00,8f0dbd7f564444c66bc6589d
www.javlibrary.xyz,AVAILABILITY,domains.list,domains.list,2026-10-01 08:37:20.827952+00:00,8f0dbd7f564444c66bc6589d
www.javlink.net,AVAILABILITY,domains.list,domains.list,2026-10-01 08:37:22.453151+00:00,8f0dbd7f564444c66bc6589d
www.javmax.com,AVAILABILITY,domains.list,domains.list,2026-10-01 08:37:23.971846+00:00,8f0dbd7f564444c66bc6589d
www.javmoo.info,AVAILABILITY,domains.list,domains.list,2026-10-01 08:37:26.151783+00:00,8f0dbd7f564444c66bc6589d
www.javort.com,AVAILABILITY,domains.list,domains.list,2026-10-01 08:38:07.378493+00:00,8f0dbd7f564444c66bc6589d
