idna_subject,checker_type,destination,tested_at
www.jav-forever.com,AVAILABILITY,domains.list,2026-09-25 14:01:44.415960+00:00
www.jav-free.us,AVAILABILITY,domains.list,2026-09-25 14:01:44.593754+00:00
www.jav-fresh.com,AVAILABILITY,domains.list,2026-09-25 14:01:44.867435+00:00
www.jav-fukui.com,AVAILABILITY,domains.list,2026-09-25 14:01:45.114838+00:00
www.jav-fukuoka.com,AVAILABILITY,domains.list,2026-09-25 14:01:45.304529+00:00
www.javfresh.org,AVAILABILITY,domains.list,2026-09-25 14:01:48.193699+00:00
www.jav-gifu.com,AVAILABILITY,domains.list,2026-09-25 14:01:48.391967+00:00
www.jav-gunma.com,AVAILABILITY,domains.list,2026-09-25 14:01:48.658104+00:00
www.jav-fukushima.com,AVAILABILITY,domains.list,2026-09-25 14:01:48.853193+00:00
www.jav-haneda.com,AVAILABILITY,domains.list,2026-09-25 14:01:49.121261+00:00
www.jav-hana.com,AVAILABILITY,domains.list,2026-09-25 14:01:49.397394+00:00
www.jav-hanaza.com,AVAILABILITY,domains.list,2026-09-25 14:01:49.658096+00:00
www.jdvd4share.com,AVAILABILITY,domains.list,2026-09-25 14:01:49.924487+00:00
www.javlib.club,AVAILABILITY,domains.list,2026-09-25 14:01:50.177903+00:00
www.jav-video.org,AVAILABILITY,domains.list,2026-09-25 14:01:50.917345+00:00
www.javparty.com,AVAILABILITY,domains.list,2026-09-25 14:01:51.171715+00:00
www.redstars.top,AVAILABILITY,domains.list,2026-09-25 14:01:51.541150+00:00
www.javcens.com,AVAILABILITY,domains.list,2026-09-25 14:01:51.720477+00:00
www.japdb.club,AVAILABILITY,domains.list,2026-09-25 14:01:51.958837+00:00
www.uncensoredav.com,AVAILABILITY,domains.list,2026-09-25 14:01:52.218399+00:00
www.javhappy.com,AVAILABILITY,domains.list,2026-09-25 14:01:52.494659+00:00
www.fhd-jav.com,AVAILABILITY,domains.list,2026-09-25 14:01:52.756803+00:00
www.u15idol.com,AVAILABILITY,domains.list,2026-09-25 14:01:53.028533+00:00
www.innocnt.com,AVAILABILITY,domains.list,2026-09-25 14:01:53.938253+00:00
www.javdb.site,AVAILABILITY,domains.list,2026-09-25 14:01:54.193679+00:00
www.javplanet.net,AVAILABILITY,domains.list,2026-09-25 14:01:54.453282+00:00
www.rarejav.com,AVAILABILITY,domains.list,2026-09-25 14:01:54.628155+00:00
www.avlib.info,AVAILABILITY,domains.list,2026-09-25 14:01:54.982931+00:00
www.hotjav.top,AVAILABILITY,domains.list,2026-09-25 14:01:55.459059+00:00
www.wwjav.com,AVAILABILITY,domains.list,2026-09-25 14:01:55.658818+00:00
idolhot123.wordpress.com,AVAILABILITY,domains.list,2026-09-25 14:01:56.000614+00:00
www.freshjav.net,AVAILABILITY,domains.list,2026-09-25 14:01:56.332164+00:00
www.jav4share.net,AVAILABILITY,domains.list,2026-09-25 14:01:56.594730+00:00
www.verydl.com,AVAILABILITY,domains.list,2026-09-25 14:01:56.788947+00:00
www.jav-abc.com,AVAILABILITY,domains.list,2026-09-25 14:01:56.999150+00:00
www.jav-cafe.com,AVAILABILITY,domains.list,2026-09-25 14:01:57.212439+00:00
www.javfiles.com,AVAILABILITY,domains.list,2026-09-25 14:01:57.471670+00:00
www.jav-haruki.com,AVAILABILITY,domains.list,2026-09-25 14:01:57.669931+00:00
www.javlibraries.xyz,AVAILABILITY,domains.list,2026-09-25 14:01:58.035269+00:00
www.topjav.site,AVAILABILITY,domains.list,2026-09-25 14:02:09.130604+00:00
cav19.blog.fc2.com,AVAILABILITY,domains.list,2026-09-25 14:02:09.845054+00:00
www.javhard.net,AVAILABILITY,domains.list,2026-09-25 14:02:13.124158+00:00
www.javlibrary.online,AVAILABILITY,domains.list,2026-09-25 14:02:13.339025+00:00
www.javpack.com,AVAILABILITY,domains.list,2026-09-25 14:02:15.983411+00:00
googleetrend.blog.fc2.com,AVAILABILITY,domains.list,2026-09-25 14:02:16.770054+00:00
www.javhdonline.net,AVAILABILITY,domains.list,2026-09-25 14:02:17.018839+00:00
www.jav4you.online,AVAILABILITY,domains.list,2026-09-25 14:02:17.244828+00:00
jav-link.com,AVAILABILITY,domains.list,2026-09-25 14:02:17.510625+00:00
www.jav-link.com,AVAILABILITY,domains.list,2026-09-25 14:02:17.791058+00:00
javcook.blog.fc2.com,AVAILABILITY,domains.list,2026-09-25 14:02:18.274581+00:00
www.jav-hdlink.com,AVAILABILITY,domains.list,2026-09-25 14:02:18.588108+00:00
www.javhdboom.com,AVAILABILITY,domains.list,2026-09-25 14:02:18.757837+00:00
www.jav-hd-place.com,AVAILABILITY,domains.list,2026-09-25 14:02:19.026477+00:00
www.jav-heyzo.com,AVAILABILITY,domains.list,2026-09-25 14:02:19.266684+00:00
www.javhdplace.com,AVAILABILITY,domains.list,2026-09-25 14:02:19.525126+00:00
www.jav-hina.com,AVAILABILITY,domains.list,2026-09-25 14:02:19.725173+00:00
www.jav-hiroshima.com,AVAILABILITY,domains.list,2026-09-25 14:02:19.926192+00:00
www.jav-hirose.com,AVAILABILITY,domains.list,2026-09-25 14:02:20.139418+00:00
www.jav-hitomi.com,AVAILABILITY,domains.list,2026-09-25 14:02:20.311531+00:00
www.jav-hokkaido.com,AVAILABILITY,domains.list,2026-09-25 14:02:20.637907+00:00
www.jav-ibaraki.com,AVAILABILITY,domains.list,2026-09-25 14:02:20.933582+00:00
www.javhomes.net,AVAILABILITY,domains.list,2026-09-25 14:02:21.218734+00:00
www.jav-hyogo.com,AVAILABILITY,domains.list,2026-09-25 14:02:21.382979+00:00
www.jav-honda.com,AVAILABILITY,domains.list,2026-09-25 14:02:21.678944+00:00
www.jav-imai.com,AVAILABILITY,domains.list,2026-09-25 14:02:21.952419+00:00
www.jav-impact.com,AVAILABILITY,domains.list,2026-09-25 14:02:22.222379+00:00
www.javimpact.com,AVAILABILITY,domains.list,2026-09-25 14:02:22.536264+00:00
www.jav-isshiki.com,AVAILABILITY,domains.list,2026-09-25 14:02:22.778533+00:00
www.jav-iwate.com,AVAILABILITY,domains.list,2026-09-25 14:02:23.047802+00:00
www.jav-ishikawa.com,AVAILABILITY,domains.list,2026-09-25 14:02:23.258093+00:00
www.jav-juice.com,AVAILABILITY,domains.list,2026-09-25 14:02:23.567366+00:00
www.jav-jessica.com,AVAILABILITY,domains.list,2026-09-25 14:02:23.763894+00:00
www.javjethd.com,AVAILABILITY,domains.list,2026-09-25 14:02:24.023044+00:00
www.jav-jukujo.com,AVAILABILITY,domains.list,2026-09-25 14:02:24.226899+00:00
www.jav-jungle.com,AVAILABILITY,domains.list,2026-09-25 14:02:24.485034+00:00
www.jav-kaede.com,AVAILABILITY,domains.list,2026-09-25 14:02:24.689237+00:00
www.jav-junkie.com,AVAILABILITY,domains.list,2026-09-25 14:02:24.887177+00:00
www.jav-kagoshima.com,AVAILABILITY,domains.list,2026-09-25 14:02:25.084224+00:00
www.jav-kagawa.com,AVAILABILITY,domains.list,2026-09-25 14:02:25.377936+00:00
www.jav-kana.com,AVAILABILITY,domains.list,2026-09-25 14:02:25.650868+00:00
www.jav-kanagawa.com,AVAILABILITY,domains.list,2026-09-25 14:02:25.861235+00:00
www.javking.org,AVAILABILITY,domains.list,2026-09-25 14:02:26.653437+00:00
www.jav-kanzaki.com,AVAILABILITY,domains.list,2026-09-25 14:02:26.844090+00:00
www.jav-kanata.com,AVAILABILITY,domains.list,2026-09-25 14:02:27.018900+00:00
www.jav-kochi.com,AVAILABILITY,domains.list,2026-09-25 14:02:27.230529+00:00
www.jav-kirara.com,AVAILABILITY,domains.list,2026-09-25 14:02:27.507196+00:00
www.jav-kokomi.com,AVAILABILITY,domains.list,2026-09-25 14:02:27.715251+00:00
www.jav-kumamoto.com,AVAILABILITY,domains.list,2026-09-25 14:02:27.903148+00:00
www.jav-last.com,AVAILABILITY,domains.list,2026-09-25 14:02:28.163103+00:00
www.jav-kyoto.com,AVAILABILITY,domains.list,2026-09-25 14:02:28.366280+00:00
www.javlibraryhd.com,AVAILABILITY,domains.list,2026-09-25 14:02:28.626406+00:00
www.j-jav.com,AVAILABILITY,domains.list,2026-09-25 14:02:28.900837+00:00
www.javsex.info,AVAILABILITY,domains.list,2026-09-25 14:02:29.400990+00:00
www.sexyjapaneseav.com,AVAILABILITY,domains.list,2026-09-25 14:02:29.639100+00:00
www.javcoffee.com,AVAILABILITY,domains.list,2026-09-25 14:02:29.851109+00:00
www.fullhdjav.com,AVAILABILITY,domains.list,2026-09-25 14:02:30.107413+00:00
www.hotavdvd.com,AVAILABILITY,domains.list,2026-09-25 14:02:30.366155+00:00
www.jav-go.com,AVAILABILITY,domains.list,2026-09-25 14:02:30.528771+00:00
www.javrapidgator.com,AVAILABILITY,domains.list,2026-09-25 14:02:30.790873+00:00
www.javarchive.site,AVAILABILITY,domains.list,2026-09-25 14:02:31.007931+00:00
www.javakiba.biz,AVAILABILITY,domains.list,2026-09-25 14:02:31.190015+00:00
www.javld.xyz,AVAILABILITY,domains.list,2026-09-25 14:02:31.617328+00:00
www.javlink.biz,AVAILABILITY,domains.list,2026-09-25 14:02:31.808057+00:00
www.japandb.club,AVAILABILITY,domains.list,2026-09-25 14:02:32.035431+00:00
javrar.gq,AVAILABILITY,domains.list,2026-09-25 14:02:34.422420+00:00
javsmack.ga,AVAILABILITY,domains.list,2026-09-25 14:02:35.146419+00:00
www.javrar.gq,AVAILABILITY,domains.list,2026-09-25 14:02:35.945118+00:00
www.javsmack.ga,AVAILABILITY,domains.list,2026-09-25 14:02:36.499791+00:00
www.javshock.com,AVAILABILITY,domains.list,2026-09-25 14:02:36.725377+00:00
www.jav-links.com,AVAILABILITY,domains.list,2026-09-25 14:02:37.007127+00:00
www.javlink.org,AVAILABILITY,domains.list,2026-09-25 14:02:37.574622+00:00
www.jav-ltd.com,AVAILABILITY,domains.list,2026-09-25 14:02:37.836494+00:00
www.javresource.com,AVAILABILITY,domains.list,2026-09-25 14:02:38.006766+00:00
www.jav-madoka.com,AVAILABILITY,domains.list,2026-09-25 14:02:38.271531+00:00
www.jav-maria.com,AVAILABILITY,domains.list,2026-09-25 14:02:38.525579+00:00
www.jav-xyz.com,AVAILABILITY,domains.list,2026-09-25 14:02:38.800875+00:00
www.javmasshd.com,AVAILABILITY,domains.list,2026-09-25 14:02:39.011019+00:00
www.jav-makoto.com,AVAILABILITY,domains.list,2026-09-25 14:02:39.288236+00:00
www.jav-matsuda.com,AVAILABILITY,domains.list,2026-09-25 14:02:39.492409+00:00
www.jav-mayu.com,AVAILABILITY,domains.list,2026-09-25 14:02:39.755510+00:00
www.jav-matsushima.com,AVAILABILITY,domains.list,2026-09-25 14:02:40.016366+00:00
www.jav-mass.com,AVAILABILITY,domains.list,2026-09-25 14:02:40.290534+00:00
www.jav-mie.com,AVAILABILITY,domains.list,2026-09-25 14:02:40.495061+00:00
www.jav-miku.com,AVAILABILITY,domains.list,2026-09-25 14:02:40.746835+00:00
www.jav-miho.com,AVAILABILITY,domains.list,2026-09-25 14:02:40.966085+00:00
www.jav-minami.com,AVAILABILITY,domains.list,2026-09-25 14:02:41.131032+00:00
www.jav-miyagi.com,AVAILABILITY,domains.list,2026-09-25 14:02:41.363720+00:00
www.jav-miyazaki.com,AVAILABILITY,domains.list,2026-09-25 14:02:41.625072+00:00
www.hdjav.site,AVAILABILITY,domains.list,2026-09-25 14:02:41.812348+00:00
www.jav-momoka.com,AVAILABILITY,domains.list,2026-09-25 14:02:42.011323+00:00
www.jav-muramura.com,AVAILABILITY,domains.list,2026-09-25 14:02:42.268766+00:00
www.jav-nana.com,AVAILABILITY,domains.list,2026-09-25 14:02:42.473852+00:00
www.jav-nara.com,AVAILABILITY,domains.list,2026-09-25 14:02:42.734381+00:00
www.jav-nagano.com,AVAILABILITY,domains.list,2026-09-25 14:02:43.021278+00:00
www.jav-new.org,AVAILABILITY,domains.list,2026-09-25 14:02:43.705912+00:00
www.jav-natsu.com,AVAILABILITY,domains.list,2026-09-25 14:02:43.910269+00:00
www.jav-niigata.com,AVAILABILITY,domains.list,2026-09-25 14:02:44.182148+00:00
www.jav-okayama.com,AVAILABILITY,domains.list,2026-09-25 14:02:44.438248+00:00
www.jav-nishino.com,AVAILABILITY,domains.list,2026-09-25 14:02:44.731100+00:00
www.jav-nishizaki.com,AVAILABILITY,domains.list,2026-09-25 14:02:44.904824+00:00
www.javolts.com,AVAILABILITY,domains.list,2026-09-25 14:02:45.099971+00:00
www.jav-on.com,AVAILABILITY,domains.list,2026-09-25 14:02:45.363359+00:00
www.jav-osaka.com,AVAILABILITY,domains.list,2026-09-25 14:02:45.525295+00:00
www.jav-pack.com,AVAILABILITY,domains.list,2026-09-25 14:02:45.800093+00:00
www.jav-palace.com,AVAILABILITY,domains.list,2026-09-25 14:02:45.981633+00:00
www.javpalace.net,AVAILABILITY,domains.list,2026-09-25 14:02:46.190716+00:00
www.javbetter.net,AVAILABILITY,domains.list,2026-09-25 14:02:46.471911+00:00
www.javelop.com,AVAILABILITY,domains.list,2026-09-25 14:02:46.755279+00:00
www.javord.com,AVAILABILITY,domains.list,2026-09-25 14:02:46.991532+00:00
www.jav-pink.com,AVAILABILITY,domains.list,2026-09-25 14:02:47.262187+00:00
www.javpalace.com,AVAILABILITY,domains.list,2026-09-25 14:02:47.470765+00:00
www.jav-passion.com,AVAILABILITY,domains.list,2026-09-25 14:02:47.754816+00:00
www.jav-parade.com,AVAILABILITY,domains.list,2026-09-25 14:02:48.026047+00:00
www.jav-place.com,AVAILABILITY,domains.list,2026-09-25 14:02:48.310787+00:00
www.javpiece.com,AVAILABILITY,domains.list,2026-09-25 14:02:48.511818+00:00
www.javpophd.com,AVAILABILITY,domains.list,2026-09-25 14:02:48.818508+00:00
www.javpop-hd.com,AVAILABILITY,domains.list,2026-09-25 14:02:49.099092+00:00
www.javpop.ovh,AVAILABILITY,domains.list,2026-09-25 14:02:49.474890+00:00
www.javpopmore.com,AVAILABILITY,domains.list,2026-09-25 14:02:49.643635+00:00
www.javportal.site,AVAILABILITY,domains.list,2026-09-25 14:02:49.915219+00:00
www.jav-rar.com,AVAILABILITY,domains.list,2026-09-25 14:02:50.097300+00:00
www.jav-rape.com,AVAILABILITY,domains.list,2026-09-25 14:02:50.332967+00:00
www.javrar.org,AVAILABILITY,domains.list,2026-09-25 14:02:50.925366+00:00
www.jav-ready.com,AVAILABILITY,domains.list,2026-09-25 14:02:51.188360+00:00
www.jav-public.com,AVAILABILITY,domains.list,2026-09-25 14:02:51.395683+00:00
www.jav-resource.com,AVAILABILITY,domains.list,2026-09-25 14:02:51.654218+00:00
www.jav-release.com,AVAILABILITY,domains.list,2026-09-25 14:02:51.844910+00:00
www.jav-rena.com,AVAILABILITY,domains.list,2026-09-25 14:02:52.056547+00:00
www.jav-risa.com,AVAILABILITY,domains.list,2026-09-25 14:02:52.322599+00:00
www.jav-rina.com,AVAILABILITY,domains.list,2026-09-25 14:02:52.578721+00:00
www.jav-rio.com,AVAILABILITY,domains.list,2026-09-25 14:02:52.777431+00:00
www.javrush.org,AVAILABILITY,domains.list,2026-09-25 14:02:53.304641+00:00
www.jav-rola.com,AVAILABILITY,domains.list,2026-09-25 14:02:53.570124+00:00
www.jav-saitama.com,AVAILABILITY,domains.list,2026-09-25 14:02:53.826485+00:00
www.jav-saga.com,AVAILABILITY,domains.list,2026-09-25 14:02:54.023572+00:00
www.javlast.com,AVAILABILITY,domains.list,2026-09-25 14:02:59.265911+00:00
www.pdf4share.net,AVAILABILITY,domains.list,2026-09-25 14:02:59.590074+00:00
www.jav-bus.com,AVAILABILITY,domains.list,2026-09-25 14:02:59.863071+00:00
www.watch-av.com,AVAILABILITY,domains.list,2026-09-25 14:03:00.128074+00:00
www.javels.com,AVAILABILITY,domains.list,2026-09-25 14:03:00.344718+00:00
www.javjapanese.com,AVAILABILITY,domains.list,2026-09-25 14:03:00.601742+00:00
www.jav-saiki.com,AVAILABILITY,domains.list,2026-09-25 14:03:00.862728+00:00
www.jav-sato.com,AVAILABILITY,domains.list,2026-09-25 14:03:01.122025+00:00
www.jav-sana.com,AVAILABILITY,domains.list,2026-09-25 14:03:01.386802+00:00
www.jav-sakika.com,AVAILABILITY,domains.list,2026-09-25 14:03:01.659258+00:00
www.jav-satomi.com,AVAILABILITY,domains.list,2026-09-25 14:03:01.911763+00:00
www.javsale.net,AVAILABILITY,domains.list,2026-09-25 14:03:02.186176+00:00
www.jav-web.com,AVAILABILITY,domains.list,2026-09-25 14:03:02.404478+00:00
www.javsea.info,AVAILABILITY,domains.list,2026-09-25 14:03:02.947315+00:00
www.jav-serina.com,AVAILABILITY,domains.list,2026-09-25 14:03:03.175203+00:00
www.javservice.net,AVAILABILITY,domains.list,2026-09-25 14:03:03.479585+00:00
www.jav-set.com,AVAILABILITY,domains.list,2026-09-25 14:03:03.677711+00:00
www.javshare.ovh,AVAILABILITY,domains.list,2026-09-25 14:03:03.990516+00:00
www.jav-share.info,AVAILABILITY,domains.list,2026-09-25 14:03:04.437873+00:00
www.jav-shiga.com,AVAILABILITY,domains.list,2026-09-25 14:03:04.647320+00:00
www.jav-shiori.com,AVAILABILITY,domains.list,2026-09-25 14:03:04.914253+00:00
www.jav-shimane.com,AVAILABILITY,domains.list,2026-09-25 14:03:05.182206+00:00
www.jav-shizuoka.com,AVAILABILITY,domains.list,2026-09-25 14:03:05.378220+00:00
www.jav-sitehd.com,AVAILABILITY,domains.list,2026-09-25 14:03:05.575256+00:00
www.javsitehd.com,AVAILABILITY,domains.list,2026-09-25 14:03:05.752477+00:00
www.jav-show.com,AVAILABILITY,domains.list,2026-09-25 14:03:05.951650+00:00
www.javsmack.gq,AVAILABILITY,domains.list,2026-09-25 14:03:06.792376+00:00
javfilm.ga,AVAILABILITY,domains.list,2026-09-25 14:03:07.465068+00:00
www.jav-1.com,AVAILABILITY,domains.list,2026-09-25 14:03:07.748466+00:00
www.jav-depfile.com,AVAILABILITY,domains.list,2026-09-25 14:03:07.949042+00:00
www.javfilm.ga,AVAILABILITY,domains.list,2026-09-25 14:03:08.187197+00:00
japanesegravureidol.org,AVAILABILITY,domains.list,2026-09-25 14:03:09.252969+00:00
www.japanesegravureidol.org,AVAILABILITY,domains.list,2026-09-25 14:03:09.725210+00:00
www.avzone.biz,AVAILABILITY,domains.list,2026-09-25 14:03:09.929881+00:00
www.javfilmbox.com,AVAILABILITY,domains.list,2026-09-25 14:03:10.135239+00:00
www.myjavlib.com,AVAILABILITY,domains.list,2026-09-25 14:03:10.366574+00:00
www.hdjavporn.com,AVAILABILITY,domains.list,2026-09-25 14:03:12.055010+00:00
javjungle.com,AVAILABILITY,domains.list,2026-09-25 14:03:12.855061+00:00
www.javjungle.com,AVAILABILITY,domains.list,2026-09-25 14:03:13.777933+00:00
www.drumfit.org,AVAILABILITY,domains.list,2026-09-25 14:03:14.308849+00:00
www.javrls.org,AVAILABILITY,domains.list,2026-09-25 14:03:14.852764+00:00
www.showmejav.com,AVAILABILITY,domains.list,2026-09-25 14:03:15.116078+00:00
www.yourjav.site,AVAILABILITY,domains.list,2026-09-25 14:03:15.334491+00:00
www.javsexy.net,AVAILABILITY,domains.list,2026-09-25 14:04:01.518485+00:00
www.javsmack.com,AVAILABILITY,domains.list,2026-09-25 14:04:01.727646+00:00
www.jav-sora.com,AVAILABILITY,domains.list,2026-09-25 14:04:02.026596+00:00
www.javsold.com,AVAILABILITY,domains.list,2026-09-25 14:04:02.302161+00:00
www.jav-source.com,AVAILABILITY,domains.list,2026-09-25 14:04:02.590646+00:00
www.javstore-hd.com,AVAILABILITY,domains.list,2026-09-25 14:04:02.845699+00:00
www.jav-sugihara.com,AVAILABILITY,domains.list,2026-09-25 14:04:03.051312+00:00
www.javsunny.com,AVAILABILITY,domains.list,2026-09-25 14:04:03.297043+00:00
www.jav-suzuka.com,AVAILABILITY,domains.list,2026-09-25 14:04:03.555877+00:00
www.javstorehd.com,AVAILABILITY,domains.list,2026-09-25 14:04:03.757769+00:00
www.jav-tokyohot.com,AVAILABILITY,domains.list,2026-09-25 14:04:04.017737+00:00
www.jav-syaka.com,AVAILABILITY,domains.list,2026-09-25 14:04:04.229108+00:00
www.jav-tina.com,AVAILABILITY,domains.list,2026-09-25 14:04:04.428801+00:00
www.jav-takako.com,AVAILABILITY,domains.list,2026-09-25 14:04:04.719231+00:00
www.javtotal.site,AVAILABILITY,domains.list,2026-09-25 14:04:04.998499+00:00
www.jav-tomoka.com,AVAILABILITY,domains.list,2026-09-25 14:04:05.260931+00:00
www.javtown.club,AVAILABILITY,domains.list,2026-09-25 14:04:05.880424+00:00
www.javtotal.club,AVAILABILITY,domains.list,2026-09-25 14:04:06.379755+00:00
www.javtown.site,AVAILABILITY,domains.list,2026-09-25 14:04:06.601812+00:00
www.jav-tsuchiya.com,AVAILABILITY,domains.list,2026-09-25 14:04:06.768443+00:00
www.jav-tsubasa.com,AVAILABILITY,domains.list,2026-09-25 14:04:07.037672+00:00
www.jav-town.com,AVAILABILITY,domains.list,2026-09-25 14:04:07.295167+00:00
www.javunlimited.net,AVAILABILITY,domains.list,2026-09-25 14:04:07.606633+00:00
www.jav-xyz.net,AVAILABILITY,domains.list,2026-09-25 14:04:07.913152+00:00
www.jav-upload.com,AVAILABILITY,domains.list,2026-09-25 14:04:08.166042+00:00
www.javyng.com,AVAILABILITY,domains.list,2026-09-25 14:04:08.378110+00:00
www.jav-yui.com,AVAILABILITY,domains.list,2026-09-25 14:04:08.600509+00:00
www.jav-yua.com,AVAILABILITY,domains.list,2026-09-25 14:04:08.795795+00:00
www.jav-yuma.com,AVAILABILITY,domains.list,2026-09-25 14:04:09.003209+00:00
www.jav-zitomi.com,AVAILABILITY,domains.list,2026-09-25 14:04:09.265091+00:00
www.jav-zipang.net,AVAILABILITY,domains.list,2026-09-25 14:04:09.490541+00:00
www.jexix.net,AVAILABILITY,domains.list,2026-09-25 14:04:09.756729+00:00
www.jukoav.info,AVAILABILITY,domains.list,2026-09-25 14:04:10.032181+00:00
www.joshfire.org,AVAILABILITY,domains.list,2026-09-25 14:04:10.550964+00:00
www.like-jav.com,AVAILABILITY,domains.list,2026-09-25 14:04:10.814758+00:00
www.load-av.com,AVAILABILITY,domains.list,2026-09-25 14:04:11.071888+00:00
www.loadjavhd.com,AVAILABILITY,domains.list,2026-09-25 14:04:11.264647+00:00
www.lotsofjav.com,AVAILABILITY,domains.list,2026-09-25 14:04:11.528323+00:00
www.maddawgjav.ovh,AVAILABILITY,domains.list,2026-09-25 14:04:11.973929+00:00
www.mkv-jav.com,AVAILABILITY,domains.list,2026-09-25 14:04:12.233686+00:00
www.massofjav.com,AVAILABILITY,domains.list,2026-09-25 14:04:12.474460+00:00
www.my-jav.club,AVAILABILITY,domains.list,2026-09-25 14:04:12.658660+00:00
www.megajav.org,AVAILABILITY,domains.list,2026-09-25 14:04:14.830384+00:00
www.netjav.biz,AVAILABILITY,domains.list,2026-09-25 14:04:15.007609+00:00
www.netjav.me,AVAILABILITY,domains.list,2026-09-25 14:04:15.403307+00:00
www.newest-jav.com,AVAILABILITY,domains.list,2026-09-25 14:04:15.656911+00:00
www.netjav.org,AVAILABILITY,domains.list,2026-09-25 14:04:16.178738+00:00
www.javstar.net,AVAILABILITY,domains.list,2026-09-25 14:04:16.416532+00:00
javforever.com,AVAILABILITY,domains.list,2026-09-25 14:04:16.660635+00:00
www.javforever.com,AVAILABILITY,domains.list,2026-09-25 14:04:16.870696+00:00
oldpig610346.com,AVAILABILITY,domains.list,2026-09-25 14:04:17.112488+00:00
www.oldpig610346.com,AVAILABILITY,domains.list,2026-09-25 14:04:17.337269+00:00
www.javjuice.com,AVAILABILITY,domains.list,2026-09-25 14:04:17.634372+00:00
www.newsjav.gq,AVAILABILITY,domains.list,2026-09-25 14:04:18.520259+00:00
www.oecdtw.com,AVAILABILITY,domains.list,2026-09-25 14:04:18.786359+00:00
www.newsjav.org,AVAILABILITY,domains.list,2026-09-25 14:04:19.502367+00:00
www.newjav.biz,AVAILABILITY,domains.list,2026-09-25 14:04:19.699847+00:00
www.oo2go.org,AVAILABILITY,domains.list,2026-09-25 14:04:20.443390+00:00
www.pieceofjav.com,AVAILABILITY,domains.list,2026-09-25 14:04:20.609344+00:00
www.porn-4u.com,AVAILABILITY,domains.list,2026-09-25 14:04:20.871150+00:00
www.portal-jav.com,AVAILABILITY,domains.list,2026-09-25 14:04:21.086986+00:00
www.storejav.com,AVAILABILITY,domains.list,2026-09-25 14:04:21.353503+00:00
www.sdrees.biz,AVAILABILITY,domains.list,2026-09-25 14:04:21.539405+00:00
www.topjav.club,AVAILABILITY,domains.list,2026-09-25 14:04:21.724887+00:00
www.storejavhd.com,AVAILABILITY,domains.list,2026-09-25 14:04:21.933323+00:00
www.tour2jav.info,AVAILABILITY,domains.list,2026-09-25 14:04:22.200639+00:00
www.tzjav.com,AVAILABILITY,domains.list,2026-09-25 14:04:22.371375+00:00
www.vidja.pro,AVAILABILITY,domains.list,2026-09-25 14:04:22.614964+00:00
www.up360.info,AVAILABILITY,domains.list,2026-09-25 14:04:23.084482+00:00
www.yourjav.net,AVAILABILITY,domains.list,2026-09-25 14:04:23.402660+00:00
yourjav.net,AVAILABILITY,domains.list,2026-09-25 14:04:23.726710+00:00
www.jav-addict.com,AVAILABILITY,domains.list,2026-09-25 14:04:23.937356+00:00
www.jav-dream.com,AVAILABILITY,domains.list,2026-09-25 14:04:24.175265+00:00
www.javfilm.tk,AVAILABILITY,domains.list,2026-09-25 14:04:25.962741+00:00
www.jav-site.com,AVAILABILITY,domains.list,2026-09-25 14:04:26.170709+00:00
javfilm.tk,AVAILABILITY,domains.list,2026-09-25 14:04:32.472385+00:00
2av-cloud.net,AVAILABILITY,domains.list,2026-09-25 14:04:32.740453+00:00
4k-jav.com,AVAILABILITY,domains.list,2026-09-25 14:04:33.002423+00:00
24jav.club,AVAILABILITY,domains.list,2026-09-25 14:04:33.352030+00:00
javlibraries.science,AVAILABILITY,domains.list,2026-09-25 14:04:34.172534+00:00
addict-jav.com,AVAILABILITY,domains.list,2026-09-25 14:04:34.415548+00:00
3xks.net,AVAILABILITY,domains.list,2026-09-25 14:04:34.745917+00:00
adultjavhd.com,AVAILABILITY,domains.list,2026-09-25 14:04:34.913733+00:00
adult-movie.download,AVAILABILITY,domains.list,2026-09-25 14:04:35.563475+00:00
akibajav.biz,AVAILABILITY,domains.list,2026-09-25 14:04:36.037793+00:00
avcens.com,AVAILABILITY,domains.list,2026-09-25 14:04:36.280365+00:00
av-debut.org,AVAILABILITY,domains.list,2026-09-25 14:04:36.815090+00:00
av-down.com,AVAILABILITY,domains.list,2026-09-25 14:04:37.055249+00:00
avdownload.in,AVAILABILITY,domains.list,2026-09-25 14:04:37.685134+00:00
avcens.top,AVAILABILITY,domains.list,2026-09-25 14:04:39.028469+00:00
www.jav-free.net,AVAILABILITY,domains.list,2026-09-25 14:04:39.241758+00:00
www.javdb.club,AVAILABILITY,domains.list,2026-09-25 14:04:44.300534+00:00
www.javlink.net,AVAILABILITY,domains.list,2026-09-25 14:04:45.284295+00:00
www.javarchive.biz,AVAILABILITY,domains.list,2026-09-25 14:04:45.466693+00:00
www.jav-blog.com,AVAILABILITY,domains.list,2026-09-25 14:04:45.656179+00:00
av-hot.info,AVAILABILITY,domains.list,2026-09-25 14:04:46.726175+00:00
av-loadhd.com,AVAILABILITY,domains.list,2026-09-25 14:04:46.972861+00:00
av-hardcore.com,AVAILABILITY,domains.list,2026-09-25 14:04:47.220456+00:00
av-mov.xyz,AVAILABILITY,domains.list,2026-09-25 14:04:47.687752+00:00
av-mania.info,AVAILABILITY,domains.list,2026-09-25 14:04:48.383414+00:00
avrar.net,AVAILABILITY,domains.list,2026-09-25 14:04:48.675967+00:00
javkind.com,AVAILABILITY,domains.list,2026-09-25 14:04:48.946049+00:00
www.javkind.com,AVAILABILITY,domains.list,2026-09-25 14:04:49.151405+00:00
archive-jav.com,AVAILABILITY,domains.list,2026-09-25 14:04:49.402050+00:00
av2you.link,AVAILABILITY,domains.list,2026-09-25 14:04:49.629742+00:00
avbloghd.com,AVAILABILITY,domains.list,2026-09-25 14:04:49.894469+00:00
avlib.info,AVAILABILITY,domains.list,2026-09-25 14:04:50.437186+00:00
avzone.biz,AVAILABILITY,domains.list,2026-09-25 14:04:50.754694+00:00
drumfit.org,AVAILABILITY,domains.list,2026-09-25 14:04:51.257814+00:00
fhd-jav.com,AVAILABILITY,domains.list,2026-09-25 14:04:51.499860+00:00
freejav.link,AVAILABILITY,domains.list,2026-09-25 14:04:51.700621+00:00
fullhdjav.com,AVAILABILITY,domains.list,2026-09-25 14:04:51.971738+00:00
gravureidol4u.com,AVAILABILITY,domains.list,2026-09-25 14:04:52.156877+00:00
hdjav.site,AVAILABILITY,domains.list,2026-09-25 14:04:52.564280+00:00
hot-av.info,AVAILABILITY,domains.list,2026-09-25 14:04:53.093022+00:00
hotavdvd.com,AVAILABILITY,domains.list,2026-09-25 14:04:53.271882+00:00
hotjav.top,AVAILABILITY,domains.list,2026-09-25 14:04:53.868872+00:00
idolbee.com,AVAILABILITY,domains.list,2026-09-25 14:05:02.908034+00:00
idolforfun.com,AVAILABILITY,domains.list,2026-09-25 14:05:03.101983+00:00
idolhot.org,AVAILABILITY,domains.list,2026-09-25 14:05:05.673287+00:00
j-jav.com,AVAILABILITY,domains.list,2026-09-25 14:05:05.880872+00:00
japan-video.com,AVAILABILITY,domains.list,2026-09-25 14:05:06.130230+00:00
japandb.club,AVAILABILITY,domains.list,2026-09-25 14:05:06.409040+00:00
japaniv.com,AVAILABILITY,domains.list,2026-09-25 14:05:06.603101+00:00
japdb.club,AVAILABILITY,domains.list,2026-09-25 14:05:07.188318+00:00
jav-1.com,AVAILABILITY,domains.list,2026-09-25 14:05:07.368492+00:00
jav-abc.com,AVAILABILITY,domains.list,2026-09-25 14:05:07.524798+00:00
jav-addict.com,AVAILABILITY,domains.list,2026-09-25 14:05:07.783163+00:00
jav-akiho.com,AVAILABILITY,domains.list,2026-09-25 14:05:08.030165+00:00
jav-blog.com,AVAILABILITY,domains.list,2026-09-25 14:05:08.219471+00:00
jav-box.com,AVAILABILITY,domains.list,2026-09-25 14:05:08.407016+00:00
jav-bus.com,AVAILABILITY,domains.list,2026-09-25 14:05:08.685860+00:00
www.hentaidz.com,AVAILABILITY,domains.list,2026-09-25 14:05:08.954700+00:00
www.javperfect.com,AVAILABILITY,domains.list,2026-09-25 14:05:10.683359+00:00
www.wpanda.net,AVAILABILITY,domains.list,2026-09-25 14:05:11.000643+00:00
dlavi496.blogspot.com,AVAILABILITY,domains.list,2026-09-25 14:05:11.470110+00:00
javfile4u.blogspot.com,AVAILABILITY,domains.list,2026-09-25 14:05:12.140498+00:00
www.jap-gravure.blogspot.com,AVAILABILITY,domains.list,2026-09-25 14:05:12.962476+00:00
avlibrarysex.blogspot.com,AVAILABILITY,domains.list,2026-09-25 14:05:14.686753+00:00
hjporn.blogspot.com,AVAILABILITY,domains.list,2026-09-25 14:05:15.050455+00:00
javgate.blogspot.com,AVAILABILITY,domains.list,2026-09-25 14:05:15.427348+00:00
www.av-star.net,AVAILABILITY,domains.list,2026-09-25 14:05:22.410200+00:00
www.hardjav.com,AVAILABILITY,domains.list,2026-09-25 14:05:29.591984+00:00
www.ptownav.blogspot.jp,AVAILABILITY,domains.list,2026-09-25 14:05:31.274243+00:00
egaepah13.blogspot.com,AVAILABILITY,domains.list,2026-09-25 14:05:32.856714+00:00
fileroot.blogspot.com,AVAILABILITY,domains.list,2026-09-25 14:05:33.652405+00:00
www.fileroot.blogspot.com,AVAILABILITY,domains.list,2026-09-25 14:05:40.622391+00:00
www.javfile4u.blogspot.com,AVAILABILITY,domains.list,2026-09-25 14:05:43.126837+00:00
5a6g2ko3a.blogspot.com,AVAILABILITY,domains.list,2026-09-26 12:58:33.826479+00:00
javdownload.blog.fc2.com,AVAILABILITY,domains.list,2026-09-26 13:03:38.097513+00:00
www.worldjav.net,AVAILABILITY,domains.list,2026-09-26 13:18:57.844925+00:00
avpanel.com,AVAILABILITY,domains.list,2026-09-27 10:12:08.728208+00:00
javidoltop.blogspot.com,AVAILABILITY,domains.list,2026-09-27 10:17:11.986095+00:00
movieiso.blogspot.com,AVAILABILITY,domains.list,2026-09-27 10:18:13.869052+00:00
porno-jav.blogspot.com,AVAILABILITY,domains.list,2026-09-27 10:18:17.663064+00:00
rar-az.blogspot.com,AVAILABILITY,domains.list,2026-09-27 10:18:18.428615+00:00
www.asianjavdownload.blogspot.com,AVAILABILITY,domains.list,2026-09-27 10:19:09.427841+00:00
www.av-io.blogspot.com,AVAILABILITY,domains.list,2026-09-27 10:19:10.618147+00:00
www.avdvdiso.blogspot.com,AVAILABILITY,domains.list,2026-09-27 10:19:15.995598+00:00
www.avlibrarysex.blogspot.com,AVAILABILITY,domains.list,2026-09-27 10:19:17.401631+00:00
www.avpanel.com,AVAILABILITY,domains.list,2026-09-27 10:20:11.034443+00:00
www.dlhentaigame.blogspot.jp,AVAILABILITY,domains.list,2026-09-27 10:20:55.308458+00:00
www.freejapaniso.blogspot.com,AVAILABILITY,domains.list,2026-09-27 10:21:44.563458+00:00
www.hjporn.blogspot.com,AVAILABILITY,domains.list,2026-09-27 10:22:29.190481+00:00
www.idoliso.blogspot.com,AVAILABILITY,domains.list,2026-09-27 10:22:31.641579+00:00
www.japaniso4u.blogspot.com,AVAILABILITY,domains.list,2026-09-27 10:22:42.786396+00:00
www.javsuki2.blogspot.com,AVAILABILITY,domains.list,2026-09-27 10:30:39.518833+00:00
f4g6pa.blogspot.jp,AVAILABILITY,domains.list,2026-09-27 10:31:13.047114+00:00
fpvjp777.blogspot.com,AVAILABILITY,domains.list,2026-09-27 10:31:13.405002+00:00
avdvdrar.blogspot.com,AVAILABILITY,domains.list,2026-09-27 10:31:13.742513+00:00
lrblog15.blogspot.jp,AVAILABILITY,domains.list,2026-09-27 10:31:14.409268+00:00
ptownav.blogspot.jp,AVAILABILITY,domains.list,2026-09-27 10:31:14.998591+00:00
www.aplove5.blogspot.com,AVAILABILITY,domains.list,2026-09-27 10:31:15.561374+00:00
www.manga-raw-strage.blogspot.com,AVAILABILITY,domains.list,2026-09-27 10:31:15.981558+00:00
www.newdvdiso.blogspot.com,AVAILABILITY,domains.list,2026-09-27 10:31:16.519002+00:00
www.rar-az.blogspot.com,AVAILABILITY,domains.list,2026-09-27 10:31:17.145157+00:00
av-io.blogspot.com,AVAILABILITY,domains.list,2026-09-27 10:31:17.487147+00:00
hentaidz.com,AVAILABILITY,domains.list,2026-09-27 10:31:17.752540+00:00
isoworld4u.blogspot.com,AVAILABILITY,domains.list,2026-09-27 10:31:18.180886+00:00
www.egaepah13.blogspot.com,AVAILABILITY,domains.list,2026-09-27 10:31:18.768655+00:00
www.f4g6pa.blogspot.jp,AVAILABILITY,domains.list,2026-09-27 10:31:19.564710+00:00
www.fpvjp777.blogspot.com,AVAILABILITY,domains.list,2026-09-27 10:31:20.037708+00:00
www.freeiso4u.blogspot.com,AVAILABILITY,domains.list,2026-09-27 10:31:20.603274+00:00
www.freeiv.blogspot.com,AVAILABILITY,domains.list,2026-09-27 10:31:21.111052+00:00
www.hotjav1.blogspot.com,AVAILABILITY,domains.list,2026-09-27 10:31:21.764075+00:00
www.javidoltop.blogspot.com,AVAILABILITY,domains.list,2026-09-27 10:31:22.353777+00:00
www.lolihole.blogspot.com,AVAILABILITY,domains.list,2026-09-27 10:31:22.762442+00:00
www.lrblog15.blogspot.jp,AVAILABILITY,domains.list,2026-09-27 10:31:23.159791+00:00
www.movie18sexy.blogspot.com,AVAILABILITY,domains.list,2026-09-27 10:31:24.104717+00:00
avdvdiso.blogspot.com,AVAILABILITY,domains.list,2026-09-27 10:31:24.748472+00:00
www.dlavi496.blogspot.com,AVAILABILITY,domains.list,2026-09-27 10:31:25.276051+00:00
www.isoworld4u.blogspot.com,AVAILABILITY,domains.list,2026-09-27 10:31:25.757265+00:00
www.movieiso.blogspot.com,AVAILABILITY,domains.list,2026-09-27 10:31:26.358905+00:00
aplove5.blogspot.com,AVAILABILITY,domains.list,2026-09-27 10:31:26.717767+00:00
jav4uload.blogspot.com,AVAILABILITY,domains.list,2026-09-27 10:31:27.057453+00:00
www.5a6g2ko3a.blogspot.com,AVAILABILITY,domains.list,2026-09-27 10:31:27.592968+00:00
www.avdvdrar.blogspot.com,AVAILABILITY,domains.list,2026-09-27 10:31:28.168102+00:00
www.japaneseidolvideo.blogspot.com,AVAILABILITY,domains.list,2026-09-27 10:31:28.752859+00:00
www.freesexidols.blogspot.com,AVAILABILITY,domains.list,2026-09-27 10:31:29.461971+00:00
www.nipponjav.blogspot.com,AVAILABILITY,domains.list,2026-09-27 10:31:30.038209+00:00
www.porno-jav.blogspot.com,AVAILABILITY,domains.list,2026-09-27 10:31:30.548927+00:00
japaneseidolvideo.blogspot.com,AVAILABILITY,domains.list,2026-09-27 10:31:30.900948+00:00
www.javtv.site,AVAILABILITY,domains.list,2026-09-27 10:31:32.354341+00:00
dlhentaigame.blogspot.jp,AVAILABILITY,domains.list,2026-09-27 10:31:33.172086+00:00
www.javarchive.net,AVAILABILITY,domains.list,2026-09-27 10:31:34.920639+00:00
www.javeat.com,AVAILABILITY,domains.list,2026-09-27 10:31:36.283479+00:00
www.javandivforfree.blogspot.com,AVAILABILITY,domains.list,2026-09-27 10:31:36.764760+00:00
www.javdb.online,AVAILABILITY,domains.list,2026-09-27 10:31:36.985904+00:00
javeth.com,AVAILABILITY,domains.list,2026-09-27 10:31:37.241653+00:00
www.jav4me.club,AVAILABILITY,domains.list,2026-09-27 10:31:37.428997+00:00
www.javeth.com,AVAILABILITY,domains.list,2026-09-27 10:31:37.714412+00:00
javstar.net,AVAILABILITY,domains.list,2026-09-27 10:31:37.998038+00:00
www.javiews.com,AVAILABILITY,domains.list,2026-09-27 10:31:41.399408+00:00
www.jav4uload.blogspot.com,AVAILABILITY,domains.list,2026-09-27 10:31:42.007166+00:00
5avlib.com,AVAILABILITY,domains.list,2026-09-27 10:31:42.181607+00:00
jav.center,AVAILABILITY,domains.list,2026-09-27 10:31:43.370148+00:00
www.5avlib.com,AVAILABILITY,domains.list,2026-09-27 10:31:43.542101+00:00
www.jav.center,AVAILABILITY,domains.list,2026-09-27 10:31:44.301522+00:00
jav-buzz.com,AVAILABILITY,domains.list,2026-09-27 10:32:29.579120+00:00
jav-cafe.com,AVAILABILITY,domains.list,2026-09-27 10:32:29.815019+00:00
jav-depfile.com,AVAILABILITY,domains.list,2026-09-27 10:32:29.995334+00:00
jav-dream.com,AVAILABILITY,domains.list,2026-09-27 10:32:30.288032+00:00
jav-fhd.net,AVAILABILITY,domains.list,2026-09-27 10:32:30.505155+00:00
jav-free.net,AVAILABILITY,domains.list,2026-09-27 10:32:30.770451+00:00
jav-go.com,AVAILABILITY,domains.list,2026-09-27 10:32:30.961048+00:00
jav-inc.com,AVAILABILITY,domains.list,2026-09-27 10:32:31.167867+00:00
jav-liveshow.com,AVAILABILITY,domains.list,2026-09-27 10:32:31.412835+00:00
jav-lover.com,AVAILABILITY,domains.list,2026-09-27 10:32:31.584921+00:00
jav-pink.com,AVAILABILITY,domains.list,2026-09-27 10:32:31.766216+00:00
jav-share.com,AVAILABILITY,domains.list,2026-09-27 10:32:32.014798+00:00
jav-share.info,AVAILABILITY,domains.list,2026-09-27 10:32:32.948787+00:00
jav-site.com,AVAILABILITY,domains.list,2026-09-27 10:32:33.126559+00:00
jav-video.info,AVAILABILITY,domains.list,2026-09-27 10:32:33.505593+00:00
jav-video.org,AVAILABILITY,domains.list,2026-09-27 10:32:34.294144+00:00
jav-web.com,AVAILABILITY,domains.list,2026-09-27 10:32:34.535137+00:00
jav-xyz.com,AVAILABILITY,domains.list,2026-09-27 10:32:34.725558+00:00
jav4share.net,AVAILABILITY,domains.list,2026-09-27 10:32:34.895969+00:00
javakiba.biz,AVAILABILITY,domains.list,2026-09-27 10:32:35.637529+00:00
javalbum.com,AVAILABILITY,domains.list,2026-09-27 10:32:35.890091+00:00
javarchive.biz,AVAILABILITY,domains.list,2026-09-27 10:32:36.175540+00:00
javarchive.site,AVAILABILITY,domains.list,2026-09-27 10:32:36.552366+00:00
javbetter.net,AVAILABILITY,domains.list,2026-09-27 10:32:36.816392+00:00
javcens.com,AVAILABILITY,domains.list,2026-09-27 10:32:37.045146+00:00
javcoffee.com,AVAILABILITY,domains.list,2026-09-27 10:32:37.220930+00:00
javdb.site,AVAILABILITY,domains.list,2026-09-27 10:32:37.440636+00:00
javdown.net,AVAILABILITY,domains.list,2026-09-27 10:32:37.703862+00:00
javdownld.com,AVAILABILITY,domains.list,2026-09-27 10:32:37.942531+00:00
javelop.com,AVAILABILITY,domains.list,2026-09-27 10:32:38.168200+00:00
javels.com,AVAILABILITY,domains.list,2026-09-27 10:32:38.407786+00:00
javetc.com,AVAILABILITY,domains.list,2026-09-27 10:32:38.641974+00:00
javexpert.com,AVAILABILITY,domains.list,2026-09-27 10:32:38.898501+00:00
javfever.com,AVAILABILITY,domains.list,2026-09-27 10:32:39.150711+00:00
javfiles.com,AVAILABILITY,domains.list,2026-09-27 10:32:39.387580+00:00
javfilmbox.com,AVAILABILITY,domains.list,2026-09-27 10:32:39.645107+00:00
javgreat.com,AVAILABILITY,domains.list,2026-09-27 10:32:39.927208+00:00
javhappy.com,AVAILABILITY,domains.list,2026-09-27 10:32:40.123278+00:00
javiev.com,AVAILABILITY,domains.list,2026-09-27 10:32:40.302103+00:00
javimpact.com,AVAILABILITY,domains.list,2026-09-27 10:32:40.499461+00:00
javjapanese.com,AVAILABILITY,domains.list,2026-09-27 10:32:40.785893+00:00
javlib.club,AVAILABILITY,domains.list,2026-09-27 10:32:41.279200+00:00
javlink.me,AVAILABILITY,domains.list,2026-09-27 10:32:41.929645+00:00
javlittle.com,AVAILABILITY,domains.list,2026-09-27 10:32:42.170553+00:00
javolts.com,AVAILABILITY,domains.list,2026-09-27 10:32:42.426431+00:00
javord.com,AVAILABILITY,domains.list,2026-09-27 10:32:42.667677+00:00
javparty.com,AVAILABILITY,domains.list,2026-09-27 10:32:42.879525+00:00
javplanet.net,AVAILABILITY,domains.list,2026-09-27 10:32:43.158022+00:00
javporn.club,AVAILABILITY,domains.list,2026-09-27 10:32:43.708501+00:00
javrapidgator.com,AVAILABILITY,domains.list,2026-09-27 10:32:43.905637+00:00
javresource.com,AVAILABILITY,domains.list,2026-09-27 10:32:44.079482+00:00
javrls.org,AVAILABILITY,domains.list,2026-09-27 10:32:45.557137+00:00
javsex.info,AVAILABILITY,domains.list,2026-09-27 10:32:45.921392+00:00
javshock.com,AVAILABILITY,domains.list,2026-09-27 10:32:46.175485+00:00
javstorehd.com,AVAILABILITY,domains.list,2026-09-27 10:32:46.445344+00:00
javtown.site,AVAILABILITY,domains.list,2026-09-27 10:32:46.692832+00:00
jdvd4share.com,AVAILABILITY,domains.list,2026-09-27 10:32:46.928057+00:00
jukoav.info,AVAILABILITY,domains.list,2026-09-27 10:32:47.288496+00:00
myjavlib.com,AVAILABILITY,domains.list,2026-09-27 10:32:47.485811+00:00
newsjav.com,AVAILABILITY,domains.list,2026-09-27 10:32:47.755734+00:00
oo2go.org,AVAILABILITY,domains.list,2026-09-27 10:32:48.251468+00:00
rarejav.com,AVAILABILITY,domains.list,2026-09-27 10:32:48.508432+00:00
redstars.top,AVAILABILITY,domains.list,2026-09-27 10:32:49.517844+00:00
sexyjapaneseav.com,AVAILABILITY,domains.list,2026-09-27 10:32:49.757240+00:00
showmejav.com,AVAILABILITY,domains.list,2026-09-27 10:32:50.032230+00:00
tour2jav.info,AVAILABILITY,domains.list,2026-09-27 10:32:50.385101+00:00
u15idol.com,AVAILABILITY,domains.list,2026-09-27 10:32:50.618506+00:00
uncensoredav.com,AVAILABILITY,domains.list,2026-09-27 10:32:50.856828+00:00
verydl.com,AVAILABILITY,domains.list,2026-09-27 10:32:51.093997+00:00
watch-av.com,AVAILABILITY,domains.list,2026-09-27 10:32:51.268795+00:00
wwjav.com,AVAILABILITY,domains.list,2026-09-27 10:32:51.445545+00:00
yourjav.site,AVAILABILITY,domains.list,2026-09-27 10:32:51.622061+00:00
www.idolbee.com,AVAILABILITY,domains.list,2026-09-27 10:33:02.101850+00:00
blogjavhd.com,AVAILABILITY,domains.list,2026-09-27 10:33:02.290373+00:00
cd4share.com,AVAILABILITY,domains.list,2026-09-27 10:33:02.592132+00:00
cdes62.org,AVAILABILITY,domains.list,2026-09-27 10:33:03.171775+00:00
boxofjav.com,AVAILABILITY,domains.list,2026-09-27 10:33:03.384669+00:00
cool-jav.com,AVAILABILITY,domains.list,2026-09-27 10:33:03.629865+00:00
comic.newsnavi.me,AVAILABILITY,domains.list,2026-09-27 10:33:04.167668+00:00
darenkiss.info,AVAILABILITY,domains.list,2026-09-27 10:33:04.590505+00:00
downloadjav.link,AVAILABILITY,domains.list,2026-09-27 10:33:04.933956+00:00
downloadjav.online,AVAILABILITY,domains.list,2026-09-27 10:33:05.174088+00:00
ematters.biz,AVAILABILITY,domains.list,2026-09-27 10:33:05.454444+00:00
extremeav.ovh,AVAILABILITY,domains.list,2026-09-27 10:33:06.202353+00:00
ejav.org,AVAILABILITY,domains.list,2026-09-27 10:33:07.791305+00:00
f-juku.com,AVAILABILITY,domains.list,2026-09-27 10:33:08.048468+00:00
freshjavhd.com,AVAILABILITY,domains.list,2026-09-27 10:33:08.197964+00:00
fullhd-jav.com,AVAILABILITY,domains.list,2026-09-27 10:33:08.392108+00:00
full-hd-jav.com,AVAILABILITY,domains.list,2026-09-27 10:33:08.604112+00:00
get-jav.com,AVAILABILITY,domains.list,2026-09-27 10:33:08.846387+00:00
hardcore-jav.com,AVAILABILITY,domains.list,2026-09-27 10:33:09.087637+00:00
great-jav.com,AVAILABILITY,domains.list,2026-09-27 10:33:09.330397+00:00
goldenjav.xyz,AVAILABILITY,domains.list,2026-09-27 10:33:09.808805+00:00
hard-jav.com,AVAILABILITY,domains.list,2026-09-27 10:33:10.089236+00:00
grutt.biz,AVAILABILITY,domains.list,2026-09-27 10:33:10.379287+00:00
heaven-jav.com,AVAILABILITY,domains.list,2026-09-27 10:33:10.621590+00:00
h-av.org,AVAILABILITY,domains.list,2026-09-27 10:33:11.040156+00:00
hdjavload.com,AVAILABILITY,domains.list,2026-09-27 10:33:11.268085+00:00
hdjavdl.com,AVAILABILITY,domains.list,2026-09-27 10:33:11.443008+00:00
hotjav.link,AVAILABILITY,domains.list,2026-09-27 10:33:11.615660+00:00
japanadult.info,AVAILABILITY,domains.list,2026-09-27 10:33:12.066075+00:00
iexposure.us,AVAILABILITY,domains.list,2026-09-27 10:33:12.399033+00:00
japan-hot.link,AVAILABILITY,domains.list,2026-09-27 10:33:12.608676+00:00
japansun.org,AVAILABILITY,domains.list,2026-09-27 10:33:13.335188+00:00
japdb.site,AVAILABILITY,domains.list,2026-09-27 10:33:13.568038+00:00
japlovejav.com,AVAILABILITY,domains.list,2026-09-27 10:33:13.817585+00:00
jav2jav.com,AVAILABILITY,domains.list,2026-09-27 10:33:14.051080+00:00
jav4e.com,AVAILABILITY,domains.list,2026-09-27 10:33:14.362722+00:00
jav2dl.com,AVAILABILITY,domains.list,2026-09-27 10:33:14.564886+00:00
jav-av.com,AVAILABILITY,domains.list,2026-09-27 10:33:14.744947+00:00
www.jav-av.com,AVAILABILITY,domains.list,2026-09-27 10:33:14.994055+00:00
www.jav4you.club,AVAILABILITY,domains.list,2026-09-27 10:33:15.455957+00:00
javawake.com,AVAILABILITY,domains.list,2026-09-27 10:33:15.719824+00:00
jcd4share.com,AVAILABILITY,domains.list,2026-09-27 10:33:15.907071+00:00
www.javawake.com,AVAILABILITY,domains.list,2026-09-27 10:33:16.194532+00:00
www.jcd4share.com,AVAILABILITY,domains.list,2026-09-27 10:33:16.440397+00:00
jav4men.com,AVAILABILITY,domains.list,2026-09-27 10:33:16.652668+00:00
jav4share.ovh,AVAILABILITY,domains.list,2026-09-27 10:33:17.140187+00:00
jav4you.site,AVAILABILITY,domains.list,2026-09-27 10:33:17.317843+00:00
jav-1000giri.com,AVAILABILITY,domains.list,2026-09-27 10:33:17.625302+00:00
j-a-v.org,AVAILABILITY,domains.list,2026-09-27 10:33:18.136649+00:00
jav.xxx-japan.info,AVAILABILITY,domains.list,2026-09-27 10:33:18.397384+00:00
javabundant.com,AVAILABILITY,domains.list,2026-09-27 10:33:18.636758+00:00
www.jav-inc.com,AVAILABILITY,domains.list,2026-09-27 10:33:18.909047+00:00
javaged.com,AVAILABILITY,domains.list,2026-09-27 10:33:19.177071+00:00
javakiba.org*,AVAILABILITY,domains.list,2026-09-27 10:33:19.323318+00:00
jav-aichi.com,AVAILABILITY,domains.list,2026-09-27 10:33:19.498597+00:00
jav-act.com,AVAILABILITY,domains.list,2026-09-27 10:33:19.727629+00:00
jav-akita.com,AVAILABILITY,domains.list,2026-09-27 10:33:19.957954+00:00
javangry.com,AVAILABILITY,domains.list,2026-09-27 10:33:20.149059+00:00
javages.com,AVAILABILITY,domains.list,2026-09-27 10:33:20.342933+00:00
jav-album.com,AVAILABILITY,domains.list,2026-09-27 10:33:20.516034+00:00
jav-aomori.com,AVAILABILITY,domains.list,2026-09-27 10:33:20.752446+00:00
jav-anna.com,AVAILABILITY,domains.list,2026-09-27 10:33:20.996012+00:00
javarchivecom.ovh,AVAILABILITY,domains.list,2026-09-27 10:33:21.427555+00:00
www.javlittle.com,AVAILABILITY,domains.list,2026-09-27 10:33:21.699390+00:00
javfilm.cf,AVAILABILITY,domains.list,2026-09-27 10:33:22.751994+00:00
javrar.ga,AVAILABILITY,domains.list,2026-09-27 10:33:23.455402+00:00
newsjav.ga,AVAILABILITY,domains.list,2026-09-27 10:33:23.970506+00:00
www.jav-liveshow.com,AVAILABILITY,domains.list,2026-09-27 10:33:24.238582+00:00
www.javfever.com,AVAILABILITY,domains.list,2026-09-27 10:33:24.478667+00:00
www.javfilm.cf,AVAILABILITY,domains.list,2026-09-27 10:33:25.422912+00:00
www.javiev.com,AVAILABILITY,domains.list,2026-09-27 10:33:25.659811+00:00
www.javrar.ga,AVAILABILITY,domains.list,2026-09-27 10:33:25.953706+00:00
www.newsjav.ga,AVAILABILITY,domains.list,2026-09-27 10:33:26.305674+00:00
jav-asia.com,AVAILABILITY,domains.list,2026-09-27 10:33:26.547580+00:00
jav-anri.com,AVAILABILITY,domains.list,2026-09-27 10:33:26.783338+00:00
jav-ayukawa.com,AVAILABILITY,domains.list,2026-09-27 10:33:26.996234+00:00
jav-asiatengoku.com,AVAILABILITY,domains.list,2026-09-27 10:33:27.171345+00:00
jav-bank.com,AVAILABILITY,domains.list,2026-09-27 10:33:27.331669+00:00
jav-az.com,AVAILABILITY,domains.list,2026-09-27 10:33:27.551422+00:00
jav-bina.com,AVAILABILITY,domains.list,2026-09-27 10:33:27.730715+00:00
javbloghd.com,AVAILABILITY,domains.list,2026-09-27 10:33:27.922173+00:00
jav-blast.com,AVAILABILITY,domains.list,2026-09-27 10:33:28.152826+00:00
javblasthd.com,AVAILABILITY,domains.list,2026-09-27 10:33:28.430986+00:00
jav-boom.com,AVAILABILITY,domains.list,2026-09-27 10:33:28.686123+00:00
jav-caribbeancom.com,AVAILABILITY,domains.list,2026-09-27 10:33:28.921079+00:00
javblogsite.com,AVAILABILITY,domains.list,2026-09-27 10:33:29.068867+00:00
javboom.biz,AVAILABILITY,domains.list,2026-09-27 10:33:29.354919+00:00
javboxdl.com,AVAILABILITY,domains.list,2026-09-27 10:33:29.601395+00:00
jav-cens.com,AVAILABILITY,domains.list,2026-09-27 10:33:29.796363+00:00
jav-chiba.com,AVAILABILITY,domains.list,2026-09-27 10:33:29.973148+00:00
javcentral.net,AVAILABILITY,domains.list,2026-09-27 10:33:30.272243+00:00
www.javgreat.com,AVAILABILITY,domains.list,2026-09-27 10:33:30.524520+00:00
www.newsjav.com,AVAILABILITY,domains.list,2026-09-27 10:33:30.793398+00:00
www.freejav.link,AVAILABILITY,domains.list,2026-09-27 10:33:30.967951+00:00
jav-collect.com,AVAILABILITY,domains.list,2026-09-27 10:33:31.242284+00:00
jav-chie.com,AVAILABILITY,domains.list,2026-09-27 10:33:31.478299+00:00
jav-debut.com,AVAILABILITY,domains.list,2026-09-27 10:33:31.716599+00:00
javdizzy.com,AVAILABILITY,domains.list,2026-09-27 10:33:31.912716+00:00
www.japan-video.com,AVAILABILITY,domains.list,2026-09-27 10:33:32.124671+00:00
jav-dmm.co,AVAILABILITY,domains.list,2026-09-27 10:33:32.408735+00:00
jav-dls.com,AVAILABILITY,domains.list,2026-09-27 10:33:32.622891+00:00
javdl.pro,AVAILABILITY,domains.list,2026-09-27 10:33:33.482023+00:00
javdlnow.com,AVAILABILITY,domains.list,2026-09-27 10:33:45.919087+00:00
jav-downld.com,AVAILABILITY,domains.list,2026-09-27 10:33:49.138130+00:00
javdreamshd.com,AVAILABILITY,domains.list,2026-09-27 10:33:50.243452+00:00
javdownloadhd.com,AVAILABILITY,domains.list,2026-09-27 10:33:50.474299+00:00
javdownload.pro,AVAILABILITY,domains.list,2026-09-27 10:33:51.032854+00:00
javdusty.com,AVAILABILITY,domains.list,2026-09-27 10:33:52.551461+00:00
ivrar.blog.fc2.com,AVAILABILITY,domains.list,2026-09-27 10:34:05.354214+00:00
javattack.blog.fc2.com,AVAILABILITY,domains.list,2026-09-27 10:34:11.436964+00:00
torrentxyz.blog.fc2.com,AVAILABILITY,domains.list,2026-09-27 10:34:14.677180+00:00
www.masdarcity.net,AVAILABILITY,domains.list,2026-09-27 10:34:14.873645+00:00
javcold.com,AVAILABILITY,domains.list,2026-09-27 10:34:15.120081+00:00
www.javcold.com,AVAILABILITY,domains.list,2026-09-27 10:34:17.964425+00:00
jav-expert.com,AVAILABILITY,domains.list,2026-09-27 10:34:30.180616+00:00
jav-ehime.com,AVAILABILITY,domains.list,2026-09-27 10:35:00.464540+00:00
javecstasy.com,AVAILABILITY,domains.list,2026-09-27 10:35:04.172538+00:00
jav-fever.com,AVAILABILITY,domains.list,2026-09-27 10:35:04.424272+00:00
jav-fastest.com,AVAILABILITY,domains.list,2026-09-27 10:35:05.255297+00:00
jav-files.com,AVAILABILITY,domains.list,2026-09-27 10:35:05.506221+00:00
javfilm.gq,AVAILABILITY,domains.list,2026-09-27 10:35:11.888651+00:00
jav-free.us,AVAILABILITY,domains.list,2026-09-27 10:35:19.666940+00:00
jav-forever.com,AVAILABILITY,domains.list,2026-09-27 10:35:21.966322+00:00
jav-fukuoka.com,AVAILABILITY,domains.list,2026-09-27 10:35:22.112920+00:00
javfresh.org,AVAILABILITY,domains.list,2026-09-27 10:35:23.176995+00:00
jav-gifu.com,AVAILABILITY,domains.list,2026-09-27 10:35:23.443420+00:00
pdf4share.net,AVAILABILITY,domains.list,2026-09-27 10:35:25.035467+00:00
jav-fresh.com,AVAILABILITY,domains.list,2026-09-27 10:35:25.203067+00:00
jav-fukui.com,AVAILABILITY,domains.list,2026-09-27 10:35:25.451822+00:00
jav-hanaza.com,AVAILABILITY,domains.list,2026-09-27 10:35:25.713064+00:00
jav-fukushima.com,AVAILABILITY,domains.list,2026-09-27 10:35:28.379313+00:00
jav-hana.com,AVAILABILITY,domains.list,2026-09-27 10:35:28.647628+00:00
jav-gunma.com,AVAILABILITY,domains.list,2026-09-27 10:35:28.929125+00:00
javhdboom.com,AVAILABILITY,domains.list,2026-09-27 10:35:30.633555+00:00
jav-haruki.com,AVAILABILITY,domains.list,2026-09-27 10:35:35.090975+00:00
jav-hdlink.com,AVAILABILITY,domains.list,2026-09-27 10:35:38.348061+00:00
jav-hd-place.com,AVAILABILITY,domains.list,2026-09-27 10:35:38.523632+00:00
jav-himeno,AVAILABILITY,domains.list,2026-09-27 10:35:38.653932+00:00
jav-haneda.com,AVAILABILITY,domains.list,2026-09-27 10:35:39.425915+00:00
javhdplace.com,AVAILABILITY,domains.list,2026-09-27 10:35:39.622373+00:00
jav-heyzo.com,AVAILABILITY,domains.list,2026-09-27 10:35:39.805926+00:00
jav-hitomi.com,AVAILABILITY,domains.list,2026-09-27 10:35:40.044782+00:00
jav-hiroshima.com,AVAILABILITY,domains.list,2026-09-27 10:35:40.286539+00:00
jav-hina.com,AVAILABILITY,domains.list,2026-09-27 10:35:40.451803+00:00
jav-hirose.com,AVAILABILITY,domains.list,2026-09-27 10:35:41.618964+00:00
jav-honda.com,AVAILABILITY,domains.list,2026-09-27 10:35:41.880072+00:00
javhomes.net,AVAILABILITY,domains.list,2026-09-27 10:35:42.152397+00:00
jav-hokkaido.com,AVAILABILITY,domains.list,2026-09-27 10:35:42.333926+00:00
jav-hyogo.com,AVAILABILITY,domains.list,2026-09-27 10:35:42.625581+00:00
jav-ibaraki.com,AVAILABILITY,domains.list,2026-09-27 10:35:42.903120+00:00
jav-imai.com,AVAILABILITY,domains.list,2026-09-27 10:35:43.099544+00:00
jav-impact.com,AVAILABILITY,domains.list,2026-09-27 10:35:43.276463+00:00
jav-iwate.com,AVAILABILITY,domains.list,2026-09-27 10:35:43.498710+00:00
jav-isshiki.com,AVAILABILITY,domains.list,2026-09-27 10:35:43.775461+00:00
jav-ishikawa.com,AVAILABILITY,domains.list,2026-09-27 10:35:44.027299+00:00
jav-jessica.com,AVAILABILITY,domains.list,2026-09-27 10:35:44.211324+00:00
javjethd.com,AVAILABILITY,domains.list,2026-09-27 10:35:44.481144+00:00
jav-juice.com,AVAILABILITY,domains.list,2026-09-27 10:35:44.996108+00:00
jav-jungle.com,AVAILABILITY,domains.list,2026-09-27 10:35:45.174622+00:00
jav-jukujo.com,AVAILABILITY,domains.list,2026-09-27 10:35:45.461094+00:00
jav-junkie.com,AVAILABILITY,domains.list,2026-09-27 10:35:45.644524+00:00
jav-kagoshima.com,AVAILABILITY,domains.list,2026-09-27 10:35:45.805055+00:00
jav-kagawa.com,AVAILABILITY,domains.list,2026-09-27 10:35:46.102266+00:00
jav-kaede.com,AVAILABILITY,domains.list,2026-09-27 10:35:46.343336+00:00
jav-kana.com,AVAILABILITY,domains.list,2026-09-27 10:35:46.553215+00:00
jav-kanzaki.com,AVAILABILITY,domains.list,2026-09-27 10:35:47.099440+00:00
jav-kanagawa.com,AVAILABILITY,domains.list,2026-09-27 10:35:47.374748+00:00
jav-kanata.com,AVAILABILITY,domains.list,2026-09-27 10:35:47.672441+00:00
jav-kirara.com,AVAILABILITY,domains.list,2026-09-27 10:35:47.906010+00:00
javking.org,AVAILABILITY,domains.list,2026-09-27 10:35:49.370366+00:00
jav-kochi.com,AVAILABILITY,domains.list,2026-09-27 10:35:49.632989+00:00
jav-kokomi.com,AVAILABILITY,domains.list,2026-09-27 10:35:49.868641+00:00
www.javdownld.com,AVAILABILITY,domains.list,2026-09-27 10:35:50.083649+00:00
www.javlink.me,AVAILABILITY,domains.list,2026-09-27 10:35:50.615538+00:00
www.javexpert.com,AVAILABILITY,domains.list,2026-09-27 10:35:50.778909+00:00
jav-kumamoto.com,AVAILABILITY,domains.list,2026-09-27 10:35:50.989931+00:00
jav-kyoto.com,AVAILABILITY,domains.list,2026-09-27 10:35:51.266051+00:00
jav-last.com,AVAILABILITY,domains.list,2026-09-27 10:35:51.475473+00:00
javld.xyz,AVAILABILITY,domains.list,2026-09-27 10:35:51.952109+00:00
javlink.biz,AVAILABILITY,domains.list,2026-09-27 10:35:52.332621+00:00
javlink.org,AVAILABILITY,domains.list,2026-09-27 10:35:53.023055+00:00
jav-links.com,AVAILABILITY,domains.list,2026-09-27 10:35:53.307989+00:00
javlibraryhd.com,AVAILABILITY,domains.list,2026-09-27 10:35:53.472779+00:00
jav-ltd.com,AVAILABILITY,domains.list,2026-09-27 10:35:53.703529+00:00
jav-madoka.com,AVAILABILITY,domains.list,2026-09-27 10:35:53.899007+00:00
jav-makoto.com,AVAILABILITY,domains.list,2026-09-27 10:35:54.093060+00:00
jav-mass.com,AVAILABILITY,domains.list,2026-09-27 10:35:54.331363+00:00
jav-maria.com,AVAILABILITY,domains.list,2026-09-27 10:35:54.528818+00:00
javmasshd.com,AVAILABILITY,domains.list,2026-09-27 10:35:54.787222+00:00
jav-matsuda.com,AVAILABILITY,domains.list,2026-09-27 10:35:55.024263+00:00
jav-mayu.com,AVAILABILITY,domains.list,2026-09-27 10:35:55.220248+00:00
jav-mie.com,AVAILABILITY,domains.list,2026-09-27 10:35:55.459479+00:00
jav-matsushima.com,AVAILABILITY,domains.list,2026-09-27 10:35:55.738246+00:00
jav-miku.com,AVAILABILITY,domains.list,2026-09-27 10:35:55.999557+00:00
jav-miho.com,AVAILABILITY,domains.list,2026-09-27 10:35:56.258901+00:00
jav-minami.com,AVAILABILITY,domains.list,2026-09-27 10:35:56.512374+00:00
jav-miyagi.com,AVAILABILITY,domains.list,2026-09-27 10:35:56.764159+00:00
jav-miyazaki.com,AVAILABILITY,domains.list,2026-09-27 10:35:56.948520+00:00
jav-nana.com,AVAILABILITY,domains.list,2026-09-27 10:35:57.209933+00:00
jav-muramura.com,AVAILABILITY,domains.list,2026-09-27 10:35:58.151139+00:00
jav-momoka.com,AVAILABILITY,domains.list,2026-09-27 10:35:58.434515+00:00
jav-nagano.com,AVAILABILITY,domains.list,2026-09-27 10:35:58.672378+00:00
jav-nara.com,AVAILABILITY,domains.list,2026-09-27 10:35:58.938228+00:00
jav-new.org,AVAILABILITY,domains.list,2026-09-27 10:36:01.675192+00:00
jav-natsu.com,AVAILABILITY,domains.list,2026-09-27 10:36:02.552680+00:00
jav-nishino.com,AVAILABILITY,domains.list,2026-09-27 10:36:02.763284+00:00
jav-niigata.com,AVAILABILITY,domains.list,2026-09-27 10:36:03.024622+00:00
jav-on.com,AVAILABILITY,domains.list,2026-09-27 10:36:03.281973+00:00
jav-nishizaki.com,AVAILABILITY,domains.list,2026-09-27 10:36:03.541137+00:00
jav-okayama.com,AVAILABILITY,domains.list,2026-09-27 10:36:03.779405+00:00
jav-pack.com,AVAILABILITY,domains.list,2026-09-27 10:36:04.021881+00:00
jav-osaka.com,AVAILABILITY,domains.list,2026-09-27 10:36:04.311820+00:00
jav-palace.com,AVAILABILITY,domains.list,2026-09-27 10:36:04.569529+00:00
javpalace.com,AVAILABILITY,domains.list,2026-09-27 10:36:04.787893+00:00
javpalace.net,AVAILABILITY,domains.list,2026-09-27 10:36:07.018898+00:00
jav-passion.com,AVAILABILITY,domains.list,2026-09-27 10:36:07.278073+00:00
jav-parade.com,AVAILABILITY,domains.list,2026-09-27 10:36:07.456129+00:00
javpiece.com,AVAILABILITY,domains.list,2026-09-27 10:36:07.649781+00:00
jav-place.com,AVAILABILITY,domains.list,2026-09-27 10:36:09.198228+00:00
javpop.ovh,AVAILABILITY,domains.list,2026-09-27 10:36:09.727762+00:00
javpop-hd.com,AVAILABILITY,domains.list,2026-09-27 10:36:09.922243+00:00
javportal.site,AVAILABILITY,domains.list,2026-09-27 10:36:10.333710+00:00
javpophd.com,AVAILABILITY,domains.list,2026-09-27 10:36:42.383016+00:00
javpopmore.com,AVAILABILITY,domains.list,2026-09-27 10:36:55.709863+00:00
jav-public.com,AVAILABILITY,domains.list,2026-09-27 10:36:55.954438+00:00
javrar.org,AVAILABILITY,domains.list,2026-09-27 10:36:56.589107+00:00
jav-rar.com,AVAILABILITY,domains.list,2026-09-27 10:36:56.769452+00:00
jav-rape.com,AVAILABILITY,domains.list,2026-09-27 10:36:56.946801+00:00
jav-ready.com,AVAILABILITY,domains.list,2026-09-27 10:36:57.154734+00:00
jav-release.com,AVAILABILITY,domains.list,2026-09-27 10:36:57.346564+00:00
jav-rena.com,AVAILABILITY,domains.list,2026-09-27 10:36:57.604477+00:00
jav-rina.com,AVAILABILITY,domains.list,2026-09-27 10:36:57.882244+00:00
jav-rio.com,AVAILABILITY,domains.list,2026-09-27 10:36:58.141104+00:00
jav-resource.com,AVAILABILITY,domains.list,2026-09-27 10:36:58.354326+00:00
jav-risa.com,AVAILABILITY,domains.list,2026-09-27 10:36:58.593306+00:00
jav-rola.com,AVAILABILITY,domains.list,2026-09-27 10:36:58.770389+00:00
jav-saiki.com,AVAILABILITY,domains.list,2026-09-27 10:36:59.037353+00:00
jav-saitama.com,AVAILABILITY,domains.list,2026-09-27 10:37:00.062325+00:00
jav-saga.com,AVAILABILITY,domains.list,2026-09-27 10:37:00.259993+00:00
javrush.org,AVAILABILITY,domains.list,2026-09-27 10:37:00.770395+00:00
jav-sakika.com,AVAILABILITY,domains.list,2026-09-27 10:37:01.029757+00:00
jav-satomi.com,AVAILABILITY,domains.list,2026-09-27 10:37:01.250474+00:00
jav-sana.com,AVAILABILITY,domains.list,2026-09-27 10:37:01.495607+00:00
jav-sato.com,AVAILABILITY,domains.list,2026-09-27 10:37:02.099811+00:00
javsale.net,AVAILABILITY,domains.list,2026-09-27 10:37:02.364761+00:00
javsea.info,AVAILABILITY,domains.list,2026-09-27 10:37:03.821954+00:00
jav-serina.com,AVAILABILITY,domains.list,2026-09-27 10:37:03.996844+00:00
jav-set.com,AVAILABILITY,domains.list,2026-09-27 10:37:04.198224+00:00
javservice.net,AVAILABILITY,domains.list,2026-09-27 10:37:04.410291+00:00
jav-shimane.com,AVAILABILITY,domains.list,2026-09-27 10:37:04.586117+00:00
jav-shizuoka.com,AVAILABILITY,domains.list,2026-09-27 10:37:04.761952+00:00
jav-shiga.com,AVAILABILITY,domains.list,2026-09-27 10:37:05.040289+00:00
jav-show.com,AVAILABILITY,domains.list,2026-09-27 10:37:05.292564+00:00
javshare.ovh,AVAILABILITY,domains.list,2026-09-27 10:37:05.746153+00:00
jav-shiori.com,AVAILABILITY,domains.list,2026-09-27 10:37:05.955898+00:00
javsitehd.com,AVAILABILITY,domains.list,2026-09-27 10:37:06.169021+00:00
jav-sitehd.com,AVAILABILITY,domains.list,2026-09-27 10:37:06.406265+00:00
javsmack.gq,AVAILABILITY,domains.list,2026-09-27 10:37:08.571992+00:00
javsold.com,AVAILABILITY,domains.list,2026-09-27 10:37:08.792941+00:00
javsmack.com,AVAILABILITY,domains.list,2026-09-27 10:37:09.005516+00:00
jav-source.com,AVAILABILITY,domains.list,2026-09-27 10:37:09.168067+00:00
jav-sora.com,AVAILABILITY,domains.list,2026-09-27 10:37:09.359867+00:00
jav-sugihara.com,AVAILABILITY,domains.list,2026-09-27 10:37:09.605991+00:00
javstore-hd.com,AVAILABILITY,domains.list,2026-09-27 10:37:09.869129+00:00
jav-syaka.com,AVAILABILITY,domains.list,2026-09-27 10:37:10.029875+00:00
jav-suzuka.com,AVAILABILITY,domains.list,2026-09-27 10:37:10.267493+00:00
javsunny.com,AVAILABILITY,domains.list,2026-09-27 10:37:10.568926+00:00
jav-tokyohot.com,AVAILABILITY,domains.list,2026-09-27 10:37:10.759094+00:00
jav-takako.com,AVAILABILITY,domains.list,2026-09-27 10:37:10.942031+00:00
jav-tina.com,AVAILABILITY,domains.list,2026-09-27 10:37:11.179382+00:00
jav-tomoka.com,AVAILABILITY,domains.list,2026-09-27 10:37:11.441452+00:00
javtotal.club,AVAILABILITY,domains.list,2026-09-27 10:37:12.138342+00:00
javtotal.site,AVAILABILITY,domains.list,2026-09-27 10:37:12.424154+00:00
javtown.club,AVAILABILITY,domains.list,2026-09-27 10:37:12.712836+00:00
jav-town.com,AVAILABILITY,domains.list,2026-09-27 10:37:12.962190+00:00
jav-upload.com,AVAILABILITY,domains.list,2026-09-27 10:37:13.200807+00:00
jav-tsuchiya.com,AVAILABILITY,domains.list,2026-09-27 10:37:13.396835+00:00
jav-tsubasa.com,AVAILABILITY,domains.list,2026-09-27 10:37:13.540339+00:00
javunlimited.net,AVAILABILITY,domains.list,2026-09-27 10:37:13.767453+00:00
jav-xyz.net,AVAILABILITY,domains.list,2026-09-27 10:37:14.030024+00:00
javyng.com,AVAILABILITY,domains.list,2026-09-27 10:37:14.295945+00:00
jav-yui.com,AVAILABILITY,domains.list,2026-09-27 10:37:14.507876+00:00
jav-yua.com,AVAILABILITY,domains.list,2026-09-27 10:37:14.789165+00:00
jav-yuma.com,AVAILABILITY,domains.list,2026-09-27 10:37:15.044484+00:00
jav-zipang.net,AVAILABILITY,domains.list,2026-09-27 10:37:15.302179+00:00
jav-zitomi.com,AVAILABILITY,domains.list,2026-09-27 10:37:15.493425+00:00
jexix.net,AVAILABILITY,domains.list,2026-09-27 10:37:15.788278+00:00
joshfire.org,AVAILABILITY,domains.list,2026-09-27 10:37:16.372421+00:00
load-av.com,AVAILABILITY,domains.list,2026-09-27 10:37:16.543924+00:00
loadjavhd.com,AVAILABILITY,domains.list,2026-09-27 10:37:16.826379+00:00
like-jav.com,AVAILABILITY,domains.list,2026-09-27 10:37:17.082522+00:00
lotsofjav.com,AVAILABILITY,domains.list,2026-09-27 10:37:17.298405+00:00
maddawgjav.ovh,AVAILABILITY,domains.list,2026-09-27 10:37:17.889759+00:00
mkv-jav.com,AVAILABILITY,domains.list,2026-09-27 10:37:18.171492+00:00
massofjav.com,AVAILABILITY,domains.list,2026-09-27 10:37:18.315674+00:00
megajav.org,AVAILABILITY,domains.list,2026-09-27 10:37:27.456519+00:00
my-jav.club,AVAILABILITY,domains.list,2026-09-27 10:37:27.768672+00:00
netjav.biz,AVAILABILITY,domains.list,2026-09-27 10:37:28.101485+00:00
netjav.me,AVAILABILITY,domains.list,2026-09-27 10:37:29.664302+00:00
newest-jav.com,AVAILABILITY,domains.list,2026-09-27 10:37:29.999697+00:00
netjav.org,AVAILABILITY,domains.list,2026-09-27 10:37:30.875549+00:00
oecdtw.com,AVAILABILITY,domains.list,2026-09-27 10:37:31.190438+00:00
newsjav.gq,AVAILABILITY,domains.list,2026-09-27 10:37:33.629038+00:00
newsjav.org,AVAILABILITY,domains.list,2026-09-27 10:37:34.067790+00:00
newjav.biz,AVAILABILITY,domains.list,2026-09-27 10:37:34.398355+00:00
porn-4u.com,AVAILABILITY,domains.list,2026-09-27 10:37:34.602705+00:00
portal-jav.com,AVAILABILITY,domains.list,2026-09-27 10:37:34.843418+00:00
pieceofjav.com,AVAILABILITY,domains.list,2026-09-27 10:37:35.043748+00:00
storejav.com,AVAILABILITY,domains.list,2026-09-27 10:37:35.265675+00:00
sdrees.biz,AVAILABILITY,domains.list,2026-09-27 10:37:35.613025+00:00
topjav.club,AVAILABILITY,domains.list,2026-09-27 10:37:35.901835+00:00
storejavhd.com,AVAILABILITY,domains.list,2026-09-27 10:37:36.171645+00:00
up360.info,AVAILABILITY,domains.list,2026-09-27 10:37:36.652515+00:00
vidja.pro,AVAILABILITY,domains.list,2026-09-27 10:37:37.379160+00:00
tzjav.com,AVAILABILITY,domains.list,2026-09-27 10:37:37.612425+00:00
www.2av-cloud.net,AVAILABILITY,domains.list,2026-09-27 10:37:37.895733+00:00
www.3xks.net,AVAILABILITY,domains.list,2026-09-27 10:37:38.150951+00:00
www.4k-jav.com,AVAILABILITY,domains.list,2026-09-27 10:37:38.358631+00:00
www.24jav.club,AVAILABILITY,domains.list,2026-09-27 10:37:38.758892+00:00
www.addict-jav.com,AVAILABILITY,domains.list,2026-09-27 10:37:38.968976+00:00
www.adultjavhd.com,AVAILABILITY,domains.list,2026-09-27 10:37:39.266413+00:00
www.adult-movie.download,AVAILABILITY,domains.list,2026-09-27 10:37:39.490239+00:00
www.akibajav.biz,AVAILABILITY,domains.list,2026-09-27 10:37:39.716125+00:00
www.archive-jav.com,AVAILABILITY,domains.list,2026-09-27 10:37:39.971158+00:00
www.avcens.top,AVAILABILITY,domains.list,2026-09-27 10:37:40.489514+00:00
www.avbloghd.com,AVAILABILITY,domains.list,2026-09-27 10:37:40.661201+00:00
www.avcens.com,AVAILABILITY,domains.list,2026-09-27 10:37:40.855725+00:00
www.av-down.com,AVAILABILITY,domains.list,2026-09-27 10:37:41.050745+00:00
www.av-debut.org,AVAILABILITY,domains.list,2026-09-27 10:37:41.607427+00:00
www.avdownload.in,AVAILABILITY,domains.list,2026-09-27 10:37:41.772359+00:00
www.av-mania.info,AVAILABILITY,domains.list,2026-09-27 10:37:42.242327+00:00
www.av-hot.info,AVAILABILITY,domains.list,2026-09-27 10:37:42.576135+00:00
www.av-loadhd.com,AVAILABILITY,domains.list,2026-09-27 10:37:42.881168+00:00
www.av-hardcore.com,AVAILABILITY,domains.list,2026-09-27 10:37:43.107846+00:00
www.av-mov.xyz,AVAILABILITY,domains.list,2026-09-27 10:37:43.475217+00:00
www.avrar.net,AVAILABILITY,domains.list,2026-09-27 10:37:43.672846+00:00
www.blogjavhd.com,AVAILABILITY,domains.list,2026-09-27 10:37:43.930615+00:00
www.cd4share.com,AVAILABILITY,domains.list,2026-09-27 10:37:44.126183+00:00
www.bestjav.org,AVAILABILITY,domains.list,2026-09-27 10:38:35.505012+00:00
www.jav-video.info,AVAILABILITY,domains.list,2026-09-27 10:38:36.003181+00:00
www.boxofjav.com,AVAILABILITY,domains.list,2026-09-27 10:38:36.299955+00:00
www.cdes62.org,AVAILABILITY,domains.list,2026-09-27 10:38:36.677368+00:00
www.cool-jav.com,AVAILABILITY,domains.list,2026-09-27 10:38:36.920869+00:00
www.ejav.org,AVAILABILITY,domains.list,2026-09-27 10:38:37.257708+00:00
www.downloadjav.link,AVAILABILITY,domains.list,2026-09-27 10:38:37.448081+00:00
www.darenkiss.info,AVAILABILITY,domains.list,2026-09-27 10:38:37.998398+00:00
www.f-juku.com,AVAILABILITY,domains.list,2026-09-27 10:38:38.212354+00:00
www.downloadjav.online,AVAILABILITY,domains.list,2026-09-27 10:38:38.423720+00:00
www.ematters.biz,AVAILABILITY,domains.list,2026-09-27 10:38:38.597145+00:00
www.extremeav.ovh,AVAILABILITY,domains.list,2026-09-27 10:38:38.913096+00:00
www.freshjavhd.com,AVAILABILITY,domains.list,2026-09-27 10:38:39.219814+00:00
www.fullhd-jav.com,AVAILABILITY,domains.list,2026-09-27 10:38:39.484603+00:00
www.full-hd-jav.com,AVAILABILITY,domains.list,2026-09-27 10:38:39.715179+00:00
www.get-jav.com,AVAILABILITY,domains.list,2026-09-27 10:38:39.944141+00:00
jav-fhd.com,AVAILABILITY,domains.list,2026-09-27 10:38:40.137865+00:00
www.jav-fhd.com,AVAILABILITY,domains.list,2026-09-27 10:38:40.369009+00:00
www.great-jav.com,AVAILABILITY,domains.list,2026-09-27 10:38:40.641976+00:00
www.hardcore-jav.com,AVAILABILITY,domains.list,2026-09-27 10:38:40.969282+00:00
www.grutt.biz,AVAILABILITY,domains.list,2026-09-27 10:38:41.207327+00:00
www.hard-jav.com,AVAILABILITY,domains.list,2026-09-27 10:38:41.450205+00:00
www.goldenjav.xyz,AVAILABILITY,domains.list,2026-09-27 10:38:41.788550+00:00
www.hdjavdl.com,AVAILABILITY,domains.list,2026-09-27 10:38:41.997951+00:00
www.h-av.org,AVAILABILITY,domains.list,2026-09-27 10:38:42.247995+00:00
www.hdjavload.com,AVAILABILITY,domains.list,2026-09-27 10:38:42.483912+00:00
www.heaven-jav.com,AVAILABILITY,domains.list,2026-09-27 10:38:42.733791+00:00
www.hornyjav.net,AVAILABILITY,domains.list,2026-09-27 10:38:43.056622+00:00
www.hot-av.info,AVAILABILITY,domains.list,2026-09-27 10:38:43.339561+00:00
www.hotjav.link,AVAILABILITY,domains.list,2026-09-27 10:38:43.537035+00:00
www.japanadult.info,AVAILABILITY,domains.list,2026-09-27 10:38:45.480137+00:00
www.iexposure.us,AVAILABILITY,domains.list,2026-09-27 10:38:45.653123+00:00
www.japan-hot.link,AVAILABILITY,domains.list,2026-09-27 10:38:45.834178+00:00
www.japansun.org,AVAILABILITY,domains.list,2026-09-27 10:38:46.537287+00:00
www.japlovejav.com,AVAILABILITY,domains.list,2026-09-27 10:38:46.801280+00:00
www.jav2dl.com,AVAILABILITY,domains.list,2026-09-27 10:38:47.072241+00:00
www.japdb.site,AVAILABILITY,domains.list,2026-09-27 10:38:47.268842+00:00
www.jav4e.com,AVAILABILITY,domains.list,2026-09-27 10:38:47.539603+00:00
www.jav4men.com,AVAILABILITY,domains.list,2026-09-27 10:38:47.763103+00:00
www.jav2jav.com,AVAILABILITY,domains.list,2026-09-27 10:38:48.117408+00:00
www.jav4share.ovh,AVAILABILITY,domains.list,2026-09-27 10:38:48.422904+00:00
www.jav-1000giri.com,AVAILABILITY,domains.list,2026-09-27 10:38:48.668848+00:00
www.jav4you.site,AVAILABILITY,domains.list,2026-09-27 10:38:48.827895+00:00
www.j-a-v.org,AVAILABILITY,domains.list,2026-09-27 10:38:49.428526+00:00
www.jav-act.com,AVAILABILITY,domains.list,2026-09-27 10:38:49.650441+00:00
www.javabundant.com,AVAILABILITY,domains.list,2026-09-27 10:38:49.919948+00:00
www.javaged.com,AVAILABILITY,domains.list,2026-09-27 10:38:50.226131+00:00
www.jav-akiho.com,AVAILABILITY,domains.list,2026-09-27 10:38:50.447771+00:00
www.javages.com,AVAILABILITY,domains.list,2026-09-27 10:38:50.669237+00:00
www.jav-aichi.com,AVAILABILITY,domains.list,2026-09-27 10:38:50.950505+00:00
www.jav-akita.com,AVAILABILITY,domains.list,2026-09-27 10:38:51.198914+00:00
www.javalbum.com,AVAILABILITY,domains.list,2026-09-27 10:38:51.454951+00:00
www.jav-album.com,AVAILABILITY,domains.list,2026-09-27 10:38:51.666001+00:00
www.jav-anna.com,AVAILABILITY,domains.list,2026-09-27 10:38:51.950541+00:00
www.javangry.com,AVAILABILITY,domains.list,2026-09-27 10:38:52.201790+00:00
www.jav-anri.com,AVAILABILITY,domains.list,2026-09-27 10:38:52.411319+00:00
www.jav-aomori.com,AVAILABILITY,domains.list,2026-09-27 10:38:52.682335+00:00
www.jav-asia.com,AVAILABILITY,domains.list,2026-09-27 10:38:52.956742+00:00
www.jav-asiatengoku.com,AVAILABILITY,domains.list,2026-09-27 10:38:53.230977+00:00
www.javarchivecom.ovh,AVAILABILITY,domains.list,2026-09-27 10:39:26.779622+00:00
www.jav-ayukawa.com,AVAILABILITY,domains.list,2026-09-27 10:39:30.132549+00:00
www.jav-az.com,AVAILABILITY,domains.list,2026-09-27 10:39:30.360838+00:00
www.jav-base.com,AVAILABILITY,domains.list,2026-09-27 10:39:33.310081+00:00
www.jav-bank.com,AVAILABILITY,domains.list,2026-09-27 10:39:45.479275+00:00
www.jav-bina.com,AVAILABILITY,domains.list,2026-09-27 10:39:47.784591+00:00
www.jav-lover.com,AVAILABILITY,domains.list,2026-09-27 10:39:48.057593+00:00
www.gravureidol4u.com,AVAILABILITY,domains.list,2026-09-27 10:39:48.872883+00:00
www.av2you.link,AVAILABILITY,domains.list,2026-09-27 10:39:50.984174+00:00
www.jav-share.com,AVAILABILITY,domains.list,2026-09-27 10:39:51.165679+00:00
www.javetc.com,AVAILABILITY,domains.list,2026-09-27 10:39:51.399043+00:00
www.idolhot.org,AVAILABILITY,domains.list,2026-09-27 10:39:54.456304+00:00
www.jav-box.com,AVAILABILITY,domains.list,2026-09-27 10:39:54.746975+00:00
www.jav-blast.com,AVAILABILITY,domains.list,2026-09-27 10:39:54.944048+00:00
www.javbloghd.com,AVAILABILITY,domains.list,2026-09-27 10:40:00.939549+00:00
www.javblasthd.com,AVAILABILITY,domains.list,2026-09-27 10:40:04.341843+00:00
www.javboom.biz,AVAILABILITY,domains.list,2026-09-27 10:40:04.601437+00:00
www.javblogsite.com,AVAILABILITY,domains.list,2026-09-27 10:40:04.858769+00:00
www.jav-boom.com,AVAILABILITY,domains.list,2026-09-27 10:40:05.102186+00:00
www.javporn.club,AVAILABILITY,domains.list,2026-09-27 10:40:05.472096+00:00
www.jav-buzz.com,AVAILABILITY,domains.list,2026-09-27 10:41:03.758175+00:00
www.javboxdl.com,AVAILABILITY,domains.list,2026-09-27 10:41:04.001907+00:00
www.jav-cens.com,AVAILABILITY,domains.list,2026-09-27 10:41:04.244792+00:00
www.javcentral.net,AVAILABILITY,domains.list,2026-09-27 10:41:04.514069+00:00
www.jav-caribbeancom.com,AVAILABILITY,domains.list,2026-09-27 10:41:04.724567+00:00
www.javdown.net,AVAILABILITY,domains.list,2026-09-27 10:41:05.041630+00:00
www.idolforfun.com,AVAILABILITY,domains.list,2026-09-27 10:41:05.254463+00:00
www.japaniv.com,AVAILABILITY,domains.list,2026-09-27 10:41:05.545673+00:00
www.jav-chiba.com,AVAILABILITY,domains.list,2026-09-27 10:41:05.775104+00:00
www.jav-chie.com,AVAILABILITY,domains.list,2026-09-27 10:41:05.948642+00:00
www.jav-collect.com,AVAILABILITY,domains.list,2026-09-27 10:41:06.174470+00:00
www.jav-debut.com,AVAILABILITY,domains.list,2026-09-27 10:41:06.460121+00:00
www.jav-dls.com,AVAILABILITY,domains.list,2026-09-27 10:41:06.651658+00:00
www.javdizzy.com,AVAILABILITY,domains.list,2026-09-27 10:41:06.905202+00:00
www.javdl.pro,AVAILABILITY,domains.list,2026-09-27 10:41:07.545432+00:00
www.javdlnow.com,AVAILABILITY,domains.list,2026-09-27 10:41:07.748919+00:00
www.jav-dmm.co,AVAILABILITY,domains.list,2026-09-27 10:41:08.137597+00:00
www.javdownload.pro,AVAILABILITY,domains.list,2026-09-27 10:41:08.757484+00:00
www.jav-downld.com,AVAILABILITY,domains.list,2026-09-27 10:41:08.985226+00:00
www.javdownloadhd.com,AVAILABILITY,domains.list,2026-09-27 10:41:09.259854+00:00
www.javdreamshd.com,AVAILABILITY,domains.list,2026-09-27 10:41:09.545329+00:00
www.javecstasy.com,AVAILABILITY,domains.list,2026-09-27 10:41:09.770082+00:00
www.javdusty.com,AVAILABILITY,domains.list,2026-09-27 10:41:10.097027+00:00
www.jav-ehime.com,AVAILABILITY,domains.list,2026-09-27 10:41:10.303276+00:00
www.jav-expert.com,AVAILABILITY,domains.list,2026-09-27 10:41:10.538931+00:00
www.jav-fastest.com,AVAILABILITY,domains.list,2026-09-27 10:41:10.869868+00:00
www.jav-fever.com,AVAILABILITY,domains.list,2026-09-27 10:41:11.055823+00:00
www.jav-fhd.net,AVAILABILITY,domains.list,2026-09-27 10:41:11.291648+00:00
www.javfilm.gq,AVAILABILITY,domains.list,2026-09-27 10:41:12.516322+00:00
www.jav-files.com,AVAILABILITY,domains.list,2026-09-27 10:41:12.720777+00:00
www.javfilm.org,AVAILABILITY,domains.list,2026-09-27 10:42:09.065485+00:00
